"hwkID","NamePY","NameHZ","Region","Page"
1,"Qiu Zhangzhu","邱 掌 珠"," 廣 東 順 德 人",403
2,"Qiu Zhu","邱 珠"," 江 蘇 青 浦 人",403
3,"Qu Bingyun","屈 秉 筠"," 江 蘇 常 熟 人",392
4,"Qu Fenghui","屈 鳳 輝"," 浙 江 平 湖 人",393
5,"Qu Huixiang","屈 蕙 纕"," 浙 江 臨 海 人",393
6,"Qu Jingfang","屈 靜 坊"," 江 蘇 常 熟 人",394
7,"Qu Jizhong","瞿 繼 鍾"," 江 蘇 常 熟 人",786
8,"Qu Min","屈 敏"," 江 蘇 常 熟 人",392
9,"Qu Ning","屈 凝"," 江 蘇 常 熟 人",393
10,"Qu shi","屈 氏 （ 席 仲 田 妻 ）"," 江 蘇 常 熟 人",394
11,"Qu Shu","屈 淑"," 華 陰 人",127
12,"Qu Wanxiang","瞿 畹 香"," 江 蘇 常 州 人",786
13,"Qu Zhen","瞿 珍"," 江 蘇 常 熟 人",785
14,"Qu Zhixiang","屈 芷 纕"," 浙 江 溫 嶺 人",393
15,"Quan Danzhen","全 淡 真"," 直 隸 涿 州 人",273
16,"Quan Pu","全 璞"," 金 谿 人",273
17,"Quan Shi","權 氏 （ 王 德 威 妻 ）"," 福 建 長 樂 人",810
18,"Que Ming","闕 名"," 會 稽 人",210
19,"Rao Yaoyun","饒 窈 雲"," 湖 南 長 沙 人",810
20,"Ren Hezheng","任 和 徵"," 江 蘇 荊 溪 人",271
21,"Ren Kezeng","任 付 憎"," 山 西 洪 洞 人",271
22,"Ren Lijin","任 麗 金"," 山 東 高 密 人",272
23,"Ren Mengtan","任 夢 檀"," 浙 江 嘉 興 人",272
24,"Ren shi","任 氏 （ 孔 繁 霞 妻 ）"," 直 隸 文 安 人",272
25,"Ren shi","任 氏 （ 顧 錫 爵 妻 ）"," 江 蘇 揚 州 人",272
26,"Ren Shuyi","任 淑 儀"," 安 徽 懷 寧 人",271
27,"Ren Songzhu","任 崧 珠"," 江 蘇 振 澤 人",271
28,"Ren Wan","任 婉"," 江 蘇 江 甯 人",271
29,"Ren Wanhua","任 浣 花"," 江 蘇 荊 溪 人",271
30,"Ren Wanlan","任 畹 蘭","",272
31,"Ren Xiang","任 湘"," 浙 江 海 鹽 人",271
32,"Ren Yuyi","任 玉 邑"," 江 蘇 荊 溪 人",271
33,"Rong shi","榮 氏 （ 柳 昌 湘 妻 ）"," 湖 南 長 沙 人",698
34,"Rong Yujie","榮 玉 潔"," 江 蘇 常 熟 人",697
35,"Ru Huifang","汝 蕙 芳"," 江 蘇 吳 江 人",290
36,"Ru Lan","汝 蘭"," 江 蘇 吳 江 人",290
37,"Ruan Enluan","阮 恩 灤"," 江 蘇 儀 徵 人",376
38,"Ruan Lizhen","阮 麗 珍"," 懷 寧 人",120
39,"Ruan Zhifu","阮 芷 孚"," 江 蘇 維 揚 人",375
40,"Ruitai Fujin","睿 太 福 晉","  滿 州 人",817
41,"Ruiyun","瑞 芸"," 滿 州 人",817
42,"Ruru Nushi","如 如 女 史","",824
43,"Sa Lianru","薩 蓮 如"," 山 西 雁 門 人",771
44,"Sang Suqing","桑 素 清"," 江 蘇 常 熟 人",484
45,"Sang Zhenbai","桑 貞 白"," 嘉 興 人",148
46,"Sha Wanzai","沙 宛 在"," 桃 葉 人",111
47,"Sha Yiqing","沙 懿 清"," 江 蘇 同 皋 人",374
48,"Shan Bingren","單 秉 仁"," 浙 江 紹 興 人",625
49,"Shan shi","單 氏"," 山 東 高 密 人",625
50,"Shan Zhilou","單 芷 樓"," 山 東 東 萊 人",625
51,"Shang Cai","商 采"," 浙 江 山 陰 人",503
52,"Shang Jinghui","商 景 徽"," 浙 江 會 稽 人",503
53,"Shang Jinglan","商 景 蘭"," 會 稽 人",155
54,"Shang Ke","商 付"," 浙 江 山 陰 人",503
55,"Shangguan Wan'er","上 官 婉 兒","",17
56,"Shangguan Zifeng","上 官 紫 鳳"," 福 建 光 澤 人",215
57,"Shao Guangren","邵 廣 仁"," 江 蘇 常 熟 人",402
58,"Shao Lan","邵 蘭"," 浙 江 錢 塘 人",402
59,"Shao Li","邵 笠"," 江 蘇 泰 州 人",401
60,"Shao Meiyi","邵 梅 宜"," 福 建 閩 縣 人",401
61,"Shao Pilan","邵 匹 蘭"," 浙 江 永 嘉 人",400
62,"Shao Qiulian","邵 秋 蓮","",401
63,"Shao Qizhi","邵 齊 芝"," 江 蘇 昭 文 人",402
64,"Shao shi","邵 氏 （ 張 某 妻 ）"," 直 隸 文 安 人",402
65,"Shao shi","邵 氏 （ 朗 慧 學 妻 ）"," 浙 江 餘 杭 人",402
66,"Shao shi","邵 氏 （ 高 萬 翊 妻 ）"," 浙 江 富 陽 人",402
67,"Shao shi","邵 氏 （ 劉 士 高 妻 ）"," 浙 江 富 陽 人",402
68,"Shao Si","邵 思"," 江 蘇 華 亭 人",401
69,"Shao Sizhen","邵 斯 貞"," 浙 江 餘 杭 人",401
70,"Shao Wuxia","邵 無 瑕"," 浙 江 富 陽 人",401
71,"Shao Xun","邵 循"," 遁 江 人",401
72,"Shao Yuanrun","邵 淵 潤"," 江 蘇 常 熟 人",402
73,"Shao Zhenhua","邵 振 華"," 安 徽 績 溪 人",401
74,"She Wuniang","佘 五 孃"," 廣 東 順 德 人",101
75,"She Zhaoyi","佘 兆 儀"," 安 徽 含 山 人",296
76,"Shen Baoshan","沈 葆 珊"," 浙 江 海 寧 人",369
77,"Shen Bingjing","沈 秉 靜"," 浙 江 歸 安 人",363
78,"Shen Cai","沈 彩"," 浙 江 長 興 人",365
79,"Shen Chiyu","沈 持 玉"," 江 蘇 長 洲 人",363
80,"Shen Ciwan","沈 次 畹"," 福 建 候 官 人",362
81,"Shen Daoxian","沈 道 嫻"," 浙 江 嘉 興 人",369
82,"Shen Daoxiang","沈 道 香"," 浙 江 歸 安 人",369
83,"Shen Ding","沈 掟"," 浙 江 嘉 興 人",368
84,"Shen Ensheng","沈 恩 生"," 浙 江 海 鹽 人",364
85,"Shen Fang","沈 芳"," 江 蘇 吳 縣 人",363
86,"Shen Fen","沈 玢"," 江 蘇 長 洲 人",363
87,"Shen Feng","沈 鳳"," 江 蘇 毘 陵 人",371
88,"Shen Gu","沈 榖"," 浙 江 嘉 興 人",370
89,"Shen Gui","沈 溎"," 廣 西 桂 林 人",368
90,"Shen He","沈 和"," 浙 江 海 寧 人",362
91,"Shen He","沈 荷"," 浙 江 蕭 山 人",366
92,"Shen Huaman","沈 華 鬘"," 吳 江 人",116
93,"Shen Huanghou","沈 皇 后","",14
94,"Shen Hui","申 蕙"," 江 蘇 長 洲 人",268
95,"Shen Huiduan","沈 蕙 端"," 吳 江 人",117
96,"Shen Huiyu","沈 蕙 玉"," 江 蘇 吳 江 人",371
97,"Shen Huizhao","沈 蕙 昭"," 浙 江 錢 塘 人",368
98,"Shen Huizhu","沈 慧 珠"," 浙 江 海 寧 人",373
99,"Shen Jin","沈 金"," 浙 江 平 湖 人",363
100,"Shen Jingjun","沈 靜 筠"," 江 蘇 吳 江 人",371
101,"Shen Jingzhuan","沈 靜 專"," 吳 江 人",117
102,"Shen Jinrui","沈 金 蕊"," 浙 江 海 鹽 人",363
103,"Shen Jiying","申 輯 英"," 貴 州 銅 任 人",269
104,"Shen Jiyun","沈 吉 雲"," 江 蘇 上 海 人",362
105,"Shen Ke","沈 坷"," 江 蘇 江 陰 人",364
106,"Shen Lan","沈 蘭"," 浙 江 嘉 興 人",373
107,"Shen Li","沈 栗"," 浙 江 嘉 善 人",364
108,"Shen Lianzhu","沈 簌 珠"," 浙 江 錢 塘 人",371
109,"Shen Linxian","沈 琳 仙"," 浙 江 歸 安 人",368
110,"Shen Manyuan","沈 滿 願","",12
111,"Shen Maozhao","沈 懋 昭"," 江 蘇 華 亭 人",371
112,"Shen Mei","沈 枚"," 浙 江 山 陰 人",363
113,"Shen Meilin","沈 梅 林"," 江 蘇 吳 江 人",365
114,"Shen Meixian","沈 梅 仙"," 浙 江 嘉 興 人",365
115,"Shen Mengheng","沈 夢 蘅"," 浙 江 錢 塘 人",370
116,"Shen Pei","沈 佩"," 浙 江 桐 鄉 人",362
117,"Shen Peigui","沈 佩 桂"," 江 蘇 上 海 人",362
118,"Shen Qi","沈 綺"," 江 蘇 常 熟 人",370
119,"Shen Qinghan","沈 清 涵"," 江 蘇 蘇 州 人",366
120,"Shen Qiongju","沈 瓊 琚"," 浙 江 嘉 善 人",372
121,"Shen Qionglian","沈 瓊 蓮"," 烏 程 人",118
122,"Shen Queying","沈 鵲 應"," 福 建 候 官 人",372
123,"Shen Renlan","沈 紉 蘭"," 嘉 興 人",115
124,"Shen Rui","沈 蕊"," 浙 江 嘉 興 人",373
125,"Shen Ruiyu","沈 瑞 玉"," 江 蘇 吳 江 人",368
126,"Shen Shanbao","沈 善 寶"," 浙 江 錢 塘 人",366
127,"Shen shi","沈 氏 （   莊 潮 生 妻 ）"," 江 蘇 常 州 人",374
128,"Shen shi","沈 氏 （ 詹 雙 娑 妻 ）"," 浙 江 臨 海 人",374
129,"Shen shi","沈 氏 （ 錢 應 霖 妻 ）"," 浙 江 歸 安 人",374
130,"Shen shi","沈 氏 （ 姚 啟 聖 妻 ）"," 浙 江 會 稽 人",374
131,"Shen shi","沈 氏 （ 李 彬 儒 妻 ）"," 浙 江 平 湖 人",374
132,"Shen shi","沈 氏 （ 遁 天 聲 妻  ）","",373
133,"Shen shu","沈 淑","",54
134,"Shen Shuduan","沈 淑 端"," 浙 江 德 清 人",366
135,"Shen Shulan","沈 淑 蘭"," 浙 江 吳 興 人",366
136,"Shen Shuliang","沈 婌 廉"," 江 蘇 高 郵 人",365
137,"Shen Shunu","沈 淑 女"," 吳 江 人",116
138,"Shen Shunzhen","沈 順 貞"," 江 蘇 江 陰 人",366
139,"Shen Shurong","沈 樹 榮"," 江 蘇 吳 江 人",371
140,"Shen Shuxin","沈 淑 馨"," 江 蘇 吳 江 人",366
141,"Shen Sun","沈 蓀"," 浙 江 仁 和 人",371
142,"Shen Suying","沈 素 瑛"," 長 洲 人",116
143,"Shen Tiansun","沈 天 孫"," 寧 國 人",111
144,"Shen Tongmei","沈 同 梅"," 浙 江 會 稽 人",361
145,"Shen Wan","沈 宛"," 浙 江 烏 程 人",363
146,"Shen Wan","沈 畹"," 江 蘇 吳 江 人",369
147,"Shen Wanxiang","沈 畹 香"," 浙 江 錢 塘 人",369
148,"Shen Wanzhu","沈 宛 珠"," 浙 江 桐 鄉 人",363
149,"Shen Wenxing","沈 文 杏"," 江 蘇 嘉 定 人",360
150,"Shen Xiang","沈 纕"," 江 蘇 長 洲 人",373
151,"Shen Xiangqing","沈 香 卿","",364
152,"Shen Xiangyun","沈 湘 雲"," 江 蘇 江 陰 人",368
153,"Shen Xianying","沈 憲 英"," 吳 江 人",116
154,"Shen Xiaofang","沈 小 芳"," 浙 江 嘉 善 人",360
155,"Shen Xiaoheng","沈 孝 蘅"," 浙 江 德 清 人",362
156,"Shen Xiaqing","沈 遐 清"," 浙 江 仁 和 人",369
157,"Shen Xin","沈 鑫"," 浙 江 嘉 興 人",373
158,"Shen Xingcun","沈 性 存"," 江 蘇 青 浦 人",362
159,"Shen Xuan","沈 璿"," 浙 江 慈 谿 人",372
160,"Shen Yao","沈 瑤"," 浙 江 海 寧 人",370
161,"Shen Yin","沈 隱"," 揚 州 妓",372
162,"Shen Ying","沈 英"," 湘 芝 長 洲 人",364
163,"Shen Ying","沈 英"," 星 媛 蕪 湖 人",364
164,"Shen Ying","沈 英"," 綠 墅 歸 安 人",364
165,"Shen Ying","沈 瑛"," 江 蘇 華 亭 人",368
166,"Shen Yiqi","沈 宜 祺"," 浙 江 歸 安 人",362
167,"Shen Yixiu","沈 宜 修"," 吳 江 人",112
168,"Shen Youqin","沈 友 琴"," 江 蘇 吳 江 人",361
169,"Shen Yu","沈 玉"," 江 蘇 松 江 人",361
170,"Shen Yu","沈 璵"," 浙 江 海 寧 人",372
171,"Shen Yuanmei","沈 元 梅"," 浙 江 歸 安 人",360
172,"Shen Yujun","沈 玉 筠"," 浙 江 嘉 興 人",361
173,"Shen Yulin","沈 玉 麟"," 浙 江 烏 程 人",361
174,"Shen Yunjie","沈 雲 潔"," 龍 溪 人",116
175,"Shen Yunlan","沈 韻 蘭"," 浙 江 錢 塘 人",372
176,"Shen Yunshang","沈 雲 裳"," 浙 江 山 陰 人",368
177,"Shen Yunshen","沈 允 慎"," 浙 江 仁 和 人",361
178,"Shen Yuying","沈 毓 英"," 浙 江 歸 安 人",370
179,"Shen Yuyue","沈 御 月"," 江 蘇 吳 江 人",365
180,"Shen Yuzhu","沈 毓 珠"," 浙 江 歸 安 人",370
181,"Shen Zaixiu","沈 在 秀"," 減 速 高 郵 人",362
182,"Shen Zhen","沈 榛"," 嘉 善 人",116
183,"Shen Zhilian","申 志 廉"," 浙 江 錢 塘 人",268
184,"Shen Zhu","沈 珠"," 江 蘇 昆 山 人",365
185,"Sheng Ruhua","盛 如 華"," 江 蘇 常 州 人",642
186,"Sheng shi","盛 氏 （ 韓 世 裘 妻 ）"," 安 徽 懷 寧 人",642
187,"Sheng Wenqu","盛 問 渠"," 浙 江 浦 陽 人",642
188,"Sheng Yuanfang","盛 元 芳"," 江 蘇 吳 江 人",641
189,"Sheng Zhenyi","盛 貞 一","",73
190,"Shenyi","神 一 （ 夏 淑 吉 ）"," 江 蘇 華 亭 人",821
191,"Shi Chaofeng","施 朝 鳳"," 福 建 晉 江 人",425
192,"Shi Chengmei","石 承 楣"," 湖 南 湘 潭 人",269
193,"Shi E","石 莪"," 江 蘇 吳 江 人",269
194,"Shi Fang","施 芳"," 浙 江 嘉 善 人",425
195,"Shi Hanjie","帥 翰 階"," 江 西 奉 新 人",425
196,"Shi Hua Zonggui","詩 話 總 龜","",65
197,"Shi Huan","石 緩"," 江 西 瀘 溪 人",270
198,"Shi Huifang","師 蕙 芳"," 陝 西 韓 城 人",468
199,"Shi Jidao","史 濟 道"," 江 蘇 江 都 人",263
200,"Shi Jide","史 濟 德"," 江 蘇 江 都 人",263
201,"Shi Jing","史 靜"," 江 蘇 溧 陽 人",263
202,"Shi Jingyi","施 靜 儀"," 江 蘇 人",425
203,"Shi Jinxiu","石 錦 繡"," 浙 江 會 稽 人",270
204,"Shi Jizhuang","史 濟 莊"," 江 蘇 江 都 人",263
205,"Shi Jun","史 筠"," 山 東 濟 寧 人",263
206,"Shi Kexian","石 付 仙"," 江 蘇 同 皋 人",269
207,"Shi Kun","施 坤"," 河 南 儀 封 人",425
208,"Shi Lianfang","師 蓮 芳"," 陝 西 韓 城 人",467
209,"Shi Lijun","史 麗 君"," 山 東 濟 寧 人",264
210,"Shi Miaoying","師 妙 嫈"," 陝 西 韓 城 人",467
211,"Shi Puying","史 璞 瑩"," 江 蘇 江 都 人",263
212,"Shi Qingwan","史 清 畹"," 江 蘇 陽 湖 人",263
213,"Shi shi","石 氏 （ 張 春 泉 妻 ）"," 湖 南 湘 潭 人",270
214,"Shi shi","史 氏 （ 毛 瑞 斯 妻 ）"," 江 蘇 金 檀 人",264
215,"Shi shi","史 氏 （ 李 帶 仙 妻 ）"," 江 蘇 桃 源 人",264
216,"Shi shi","史 氏 （ 陸 章 甫 妻 ）","",264
217,"Shi shi","施 氏 （ 沈 王 志 妻 ）"," 江 蘇 崇 明 人",426
218,"Shi Wanzhen","施 婉 貞"," 江 蘇 長 洲 人",425
219,"Shi Xian","時 嫻"," 江 蘇 常 熟 人",483
220,"Shi Yan","史 琰","",41
221,"Shi Yaoqing","史 瑤 卿"," 浙 江 石 門 人",263
222,"Shi Yin","史 趛"," 安 徽 六 安 人",263
223,"Shi Yinyu","史 印 玉"," 廣 東 番 禺 人",262
224,"Shi Yumin","施 毓 敏"," 福 建 候 官 人",425
225,"Shi Yunqing","史 蘊 卿"," 湖 南 長 沙 人",264
226,"Shi Yunying","石 雲 瑛"," 安 徽 宿 松 人",269
227,"Shi Zhen","石 貞"," 江 蘇 同 皋 人",270
228,"Shiyan","石 巖 （ 蔣 英 ）","  浙 江 仁 和 人",819
229,"Shoushu","壽 淑"," 滿 州 人",817
230,"Shouxi","壽 禧","",817
231,"Shouzhuang","壽 莊","",817
232,"Shu Fangzhi","舒 芳 芷"," 貴 州 銅 仁 人",648
233,"Shu Heng","束 蘅"," 江 蘇 武 貂 人",326
234,"Shu Mo","殳 默"," 浙 江 桐 廬 人",228
235,"Shu Si","舒 姒"," 安 徽 黟 縣 人",648
236,"Shu Yingtang","舒 映 棠"," 浙 江 仁 和 人",648
237,"Shuo Chaoxia","朔 朝 霞"," 金 陵 妓",149
238,"Shuqing","書 青"," 滿 州 人",816
239,"Si Bai","思 柏"," 滿 州 人",815
240,"Si Mamei","司 馬 梅"," 江 蘇 江 寧 人",264
241,"Song Caihua","宋 彩 華"," 浙 江 上 虞 人",323
242,"Song Hua","宋 華"," 湖 南 寧 鄉 人",323
243,"Song Huiyi","宋 徽 儀"," 江 蘇 蘇 州 人",324
244,"Song Jingwei","宋 景 衛"," 江 蘇 元 和 人",323
245,"Song Jingyi","宋 靜 儀"," 江 蘇 蘇 州 人",324
246,"Song Junfang","宋 君 方"," 浙 江 秀 水 人",322
247,"Song Lingyun","宋 凌 雲"," 江 蘇 吳 縣 人",323
248,"Song Mingqiong","宋 鳴 瓊"," 江 西 奉 新 人",324
249,"Song Ruoxin","宋 若 莘","",22
250,"Song Ruozhao","宋 若 昭","",23
251,"Song Shengshen","宋 盛 慎"," 湖 南 寧 鄉 人",323
252,"Song shi","宋 氏 （ 曾 廣 益 妻 ）"," 四 川 江 安 人",324
253,"Song shi","宋 氏 （ 陸 元 綬 妻 ）"," 江 蘇 長 洲 人",324
254,"Song shizimei","宋 氏 姊 妹","",324
255,"Song Wan","宋 婉"," 浙 江 臨 平 人",323
256,"Song Yitang","宋 宜 堂"," 直 隸 樂 亭 人",322
257,"Song Yuyin","宋 玉 音"," 江 蘇 華 亭 人",322
258,"Song Zhen","宋 貞"," 江 蘇 上 海 人",322
259,"Song Zhenniang","宋 貞 娘"," 直 隸 天 津 人",323
260,"Su Chenjie","蘇 陳 潔"," 江 蘇 常 熟 人",798
261,"Su Fen","蘇 棻"," 江 蘇 錢 塘 人",798
262,"Su Hui","蘇 蕙","",11
263,"Su Jihui","蘇 繼 蕙"," 江 蘇 華 亭 人",800
264,"Su Kairui","蘇 開 瑞"," 廣 東 順 德 人",798
265,"Su Mu","蘇 燕"," 江 蘇 山 陽 人",799
266,"Su Muya","蘇 慕 亞"," 江 蘇 常 熟 人",799
267,"Su Nianshu","蘇 念 淑"," 古 藤 人",797
268,"Su Qingyue","蘇 清 月"," 江 蘇 虞 山 人",797
269,"Su Rulan","蘇 如 蘭"," 順 天 大 興 人",797
270,"Su Ruohui","蘇 若 蕙"," 江 蘇 常 熟 人",797
271,"Su Shi","蘇 氏 （ 吳 遁 發 妻 ）","  江 蘇 吳 江 人",800
272,"Su Shifang","蘇 始 芳"," 江 蘇 山 陽 人",797
273,"Su Shizhang","蘇 世 璋"," 福 建 漳 浦 人",797
274,"Su Siqing","蘇 姒 卿"," 福 建 人",797
275,"Su Wanlan","蘇 畹 蘭"," 浙 江 仁 和 人",798
276,"Su Xiu","蘇 琇"," 江 蘇 常 熟 人",798
277,"Su Yuan","蘇 瑗"," 江 蘇 常 熟 人",798
278,"Su Zhiyun","蘇 織 雲"," 浙 江 山 陰 人",800
279,"Sui Zhiying","隨 芝 英","",761
280,"Sun Anxiang","孫 安 祥"," 浙 江 錢 塘 人",459
281,"Sun Caifu","孫 采 芙"," 江 蘇 儀 徵 人",460
282,"Sun Chao","孫 潮"," 浙 江 嘉 興 人",465
283,"Sun Chuanfang","孫 傳 芳"," 浙 江 錢 塘 人",463
284,"Sun Danxia","孫 淡 霞"," 江 蘇 華 亭 人",461
285,"Sun Danying","孫 淡 英"," 浙 江 嘉 興 人",461
286,"Sun Daoqian","孫 道 乾"," 浙 江 會 稽 人",463
287,"Sun Fang","孫 芳"," 浙 江 嘉 禾 人",460
288,"Sun Fangzu","孫 芳 祖"," 浙 江 會 稽 人",460
289,"Sun Fengtai","孫 鳳 臺"," 江 蘇 昆 山 人",465
290,"Sun Huiyuan","孫 蕙 媛"," 浙 江 秀 水 人",466
291,"Sun Jiu","孫 久"," 山 東 莘 縣 人",459
292,"Sun Jufu","孫 濟 扶"," 江 蘇 無 錫 人",466
293,"Sun Lanxi","孫 蘭 溪"," 浙 江 嘉 興 人",467
294,"Sun Lanxian","孫 蘭 仙"," 江 蘇 松 江 人",466
295,"Sun Lanyuan","孫 蘭 媛"," 浙 江 嘉 興 人",466
296,"Sun Lanyun","孫 蘭 韞"," 浙 江 錢 塘 人",467
297,"Sun Lirong","孫 麗 融"," 浙 江 錢 塘 人",466
298,"Sun Peifen","孫 佩 芬"," 浙 江 歸 安 人",459
299,"Sun Peilan","孫 佩 蘭"," 浙 江 錢 塘 人",460
300,"Sun Qingyu","孫 清 瑜"," 江 蘇 吳 江 人",462
301,"Sun Qiong","孫 瓊","",8
302,"Sun Ruizhen","孫 瑞 貞"," 福 建 候 官 人",463
303,"Sun Rulan","孫 汝 蘭"," 河 南 魯 山 人",459
304,"Sun Ruomeng","孫 若 孟"," 福 建 浦 城 人",461
305,"Sun Shaoyu","孫 苕 玉"," 浙 江 錢 塘 人",461
306,"Sun Shoubao","孫 壽 保"," 浙 江 烏 程 人",464
307,"Sun Shu","孫 淑","",70
308,"Sun Shu","孫 淑"," 江 蘇 常 熟 人",461
309,"Sun Shuying","孫 淑 瑛"," 廣 東 吳 川 人",461
310,"Sun Songzhao","孫 誦 昭"," 班 卿 江 寧 人",465
311,"Sun Songzhao","孫 誦 昭"," 江 蘇 無 錫 人",465
312,"Sun Su","孫 嫊"," 江 蘇 吳 縣 人",463
313,"Sun Sunyi","孫 蓀 意"," 浙 江 仁 和 人",464
314,"Sun Sunyou","孫 蓀 友"," 浙 江 當 湖 人",464
315,"Sun Tingfeng","孫 廷 鳳"," 浙 江 錢 塘 人",459
316,"Sun Tingkai","孫 廷 楷"," 浙 江 錢 塘 人",459
317,"Sun Wanlan","孫 畹 蘭"," 浙 江 石 門 人",465
318,"Sun Xian","孫 顯"," 江 蘇 無 錫 人",467
319,"Sun Xiangwan","孫 湘 畹"," 浙 江 嘉 興 人",462
320,"Sun Xiangzu","孫 香 祖"," 浙 江 人",461
321,"Sun Xuying","孫 旭 瑛"," 江 蘇 無 錫 人",459
322,"Sun Yaohua","孫 瑤 華"," 金 陵 妓",137
323,"Sun Yaoying","孫 瑤 英"," 浙 江 任 和 人",137
324,"Sun Yihui","孫 漪 蕙"," 江 蘇 陽 湖 人",465
325,"Sun Yingpei","孫 瑩 培"," 浙 江 錢 塘 人",465
326,"Sun Youchun","孫 佑 純"," 浙 江 錢 塘 人",459
327,"Sun Yunfeng","孫 雲 鳳"," 浙 江 仁 和 人",462
328,"Sun Yunhe","孫 雲 鶴"," 浙 江 錢 塘 人",463
329,"Sun Yunxian","孫 雲 韅"," 浙 江 錢 塘 人",463
330,"Sun Yunxue","孫 蘊 雪"," 浙 江 嘉 善 人",466
331,"Sun Yunzhi","孫 雲 芝"," 浙 江 歸 安 人",462
332,"Sun Zhen","孫 鎮"," 直 隸 玉 田 人",466
333,"Sun Zhuangrong","孫 莊 容"," 浙 江 海 寧 人",462
334,"Suo Ruizhi","鎖 瑞 芝"," 浙 江 錢 塘 人",787
335,"Tan Guiji","檀 桂 姬"," 浙 江 錢 塘 人",765
336,"Tan Lanying","譚 蘭 英"," 貴 州 貴 陽 人",791
337,"Tan Ming","譚 明"," 直 隸 深 州 人",791
338,"Tan Yinlian","談 印 蓮"," 浙 江 歸 安 人",737
339,"Tan Yinmei","談 印 梅"," 浙 江 歸 安 人",737
340,"Tan Yunxian","談 允 賢"," 無 錫 人",201
341,"Tan Ze","談 則"," 清 溪 人",577
342,"Tan Ziying","譚 紫 瓔"," 江 西 德 化 人",791
343,"Tang Baichun","湯 百 純"," 江 蘇 江 陰 人",639
344,"Tang Biyun","湯 碧 雲"," 福 建 候 官 人",640
345,"Tang Hengzhao","湯 蘅 昭"," 湖 南 益 陽 人",641
346,"Tang Hengzhen","唐 恒 貞"," 山 東 城 武 人",454
347,"Tang Huishu","唐 惠 叔"," 江 蘇 金 山 人",455
348,"Tang Jingxian","唐 靜 嫻"," 江 蘇 南 匯 人",456
349,"Tang Jinying","湯 金 英"," 廣 東 順 德 人",639
350,"Tang Lai","湯 萊"," 江 蘇 丹 陽 人",640
351,"Tang Min","唐 敏"," 浙 江 嘉 興 人",455
352,"Tang Qingyu","湯 清 玉"," 江 蘇 海 州 人",639
353,"Tang Qingyun","唐 慶 雲"," 江 蘇 吳 縣 人",456
354,"Tang Qiyu","唐 其 玉"," 江 蘇 昆 山 人",454
355,"Tang Quanxi","湯 全 錫"," 江 蘇 宜 興 人",639
356,"Tang Shi","湯 氏 （ 張 松 齡 妻 ）"," 浙 江 錢 塘 人",641
357,"Tang shi","唐 氏 （ 何 昌 齡 妻 ）"," 江 蘇 金 山 人",456
358,"Tang shi","唐 氏"," 靈 川 人",456
359,"Tang shi","唐 氏 （ 林 某 妻 ）"," 廣 西 邑 寧 人",456
360,"Tang Shuqing","湯 淑 清"," 江 蘇 武 貂 人",639
361,"Tang Shuxiu","唐 淑 秀"," 江 蘇 昆 山 人",455
362,"Tang Shuying","湯 淑 英"," 江 蘇 長 洲 人",639
363,"Tang Shuying","唐 淑 英"," 江 蘇 吳 江 人",455
364,"Tang Shuyu","湯 漱 玉"," 浙 江 錢 塘 人",640
365,"Tang Suhua","唐 素 華"," 江 蘇 無 錫 人",455
366,"Tang Wanzhu","唐 宛 珠"," 湖 南 善 化 人",455
367,"Tang Wufei","唐 無 非"," 貴 州 遵 義 人",456
368,"Tang Xiangzhi","湯 湘 芷"," 浙 江 仁 和 人",640
369,"Tang Xiujun","湯 繡 娟"," 浙 江 錢 塘 人",641
370,"Tang Yanhui","唐 彥 徽"," 浙 江 湖 州 人",454
371,"Tang Yaoqing","湯 瑤 卿"," 江 蘇 陽 湖 人",641
372,"Tang Yuanguan","唐 元 觀"," 浙 江 烏 程 人",454
373,"Tang Yunzhen","唐 韞 貞"," 江 蘇 武 進 人",456
374,"Tang Zhao","湯 朝"," 江 蘇 金 壇 人",640
375,"Tang Zhen","唐 貞"," 貴 州 遵 義 人",455
376,"Tang Zhifen","唐 芷 芬"," 江 蘇 新 陽 人",454
377,"Tang Zizhu","唐 紫 珠"," 江 蘇 京 江 人",455
378,"Tang Zuying","唐 祖 瑛"," 江 蘇 陽 湖 人",455
379,"Tao Ansheng","陶 安 生"," 江 蘇 常 熟 人",609
380,"Tao Fu","陶 馥"," 浙 江 秀 水 人",611
381,"Tao Guizhen","陶 桂 貞"," 江 蘇 蘇 州 人",610
382,"Tao He","陶 曷"," 浙 江 秀 水 人",611
383,"Tao Hengyi","陶 姮 儀"," 浙 江 會 稽 人",610
384,"Tao Huaicheng","陶 懷 成"," 江 蘇 長 洲 人",612
385,"Tao Meiying","陶 梅 英"," 湖 南 善 化 人",610
386,"Tao Shan","陶 善"," 江 蘇 長 洲 人",610
387,"Tao Shu","陶 淑"," 新 城 人",610
388,"Tao Sixu","陶 思 勗"," 江 蘇 無 錫 人",609
389,"Tao Wanru","陶 婉 如"," 江 蘇 江 陰 人",610
390,"Tao Wanyi","陶 婉 儀"," 江 蘇 上 海 人",610
391,"Tao Wenrou","陶 文 柔"," 江 蘇 青 浦 人",609
392,"Tao Yu","陶 餘"," 廣 東 番 禺 人",611
393,"Tao Yunmei","陶 韻 梅"," 江 蘇 上 元 人",611
394,"Tao Zhenhuai","陶 貞 懷"," 梁 溪 人",609
395,"Tian Lianrui","田 蓮 瑞"," 直 隸 范 陽 人",268
396,"Tian shi","田 氏 （ 陳 時 夏 妻 ）"," 福 建 長 樂 人",268
397,"Tian Yuyan","田 玉 燕"," 錢 塘 人",93
398,"Tian Zhuangyi","田 莊 儀"," 山 西 介 休 人",268
399,"Tong Feng","童 鳳"," 山 西 榆 次 人",648
400,"Tong shi","童 氏 （ 葉 元 封 妻 ）"," 浙 江 慈 谿 人",648
401,"Tong shi","童 氏 （ 單 光 遠 妻 ）"," 湖 南 平 江 人",648
402,"Tong Shu","童 淑"," 安 徽 含 山 人",648
403,"Tongjia Fujin","佟 佳 福 晉","",814
404,"Tu Ji","屠 姞"," 浙 江 會 稽 人",626
405,"Tu Jingxin","屠 鏡 心"," 江 蘇 宜 興 人",627
406,"Tu Xiusheng","屠 繡 生"," 浙 江 鄞 縣 人",627
407,"Tu Yaose","屠 瑤 瑟"," 鄞 縣 人",173
408,"Tu Yuanyi","涂 元 儀"," 江 蘇 上 元 人",486
409,"Tu Yuhui","屠 玉 輝"," 江 蘇 揚 州 人",626
410,"Tu Zhipei","屠 芷 佩"," 浙 江 秀 水 人",627
411,"Wan Huiguang","萬 晦 光"," 江 蘇 清 河 人",681
412,"Wan Mengdan","萬 夢 丹"," 江 西 德 化 人",682
413,"Wan shi","萬 氏 （ 李 調 元 妾 ）"," 四 川 成 都 人",683
414,"Wan Shuxiu","萬 淑 修"," 江 蘇 彭 城 人",682
415,"Wan Weitong","萬 煒 彤"," 湖 北 應 城 人",682
416,"Wan Yunzhu","浣 雲","",816
417,"Wan Zao","萬 藻"," 浙 江 鄞 縣 人",682
418,"Wang Axiu","汪 阿 秀"," 安 徽 歙 縣 人",352
419,"Wang Biying","王 碧 瑩"," 山 東 長 山 人",248
420,"Wang Boji","王 伯 姬"," 東 陽 人",86
421,"Wang Cai","汪 彩"," 浙 江 任 和 人",354
422,"Wang Caifan","王 采 蘩"," 江 蘇 太 倉 人",235
423,"Wang Cailan","王 采 藍"," 江 蘇 太 倉 人",235
424,"Wang Caipin","王 采 蘋"," 江 蘇 太 倉 人",234
425,"Wang Caishu","汪 彩 書"," 江 蘇 荊 溪 人",354
426,"Wang Caiwei","王 采 薇"," 江 蘇 武 進 人",234
427,"Wang Caizao","王 采 藻"," 江 蘇 太 倉 人",235
428,"Wang Caizhen","汪 綵 珍"," 浙 江 蕭 山 人",357
429,"Wang Chen","王 琛"," 江 蘇 上 元 人",242
430,"Wang Cheng","王 呈"," 江 蘇 昆 山 人",238
431,"Wang Cui","汪 璀"," 浙 江 烏 程 人",358
432,"Wang Dai","王 玳"," 湖 北 武 昌 人",235
433,"Wang Daozhao","王 道 昭","",247
434,"Wang Dehui","王 德 徽"," 平 興 人",252
435,"Wang Dexian","王 德 嫻","",252
436,"Wang Deyi","王 德 宜"," 江 蘇 松 江 人",251
437,"Wang Dezhen","汪 德 貞"," 安 徽 休 寧 人",358
438,"Wang Di","汪 嫡"," 安 徽 休 寧 人",355
439,"Wang Duan","汪 端"," 浙 江 錢 塘 人",357
440,"Wang Duanshu","王 端 淑"," 山 陰 人",248
441,"Wang Duanyi","汪 端 一"," 直 隸 天 津 人",357
442,"Wang Fan","王 範"," 浙 江 海 寧 人",254
443,"Wang Fangxing","王 芳 興"," 浙 江 餘 杭 人",234
444,"Wang Fen","王 芬"," 江 蘇 婁 縣 人",234
445,"Wang Fengfen","汪 鳳 芬"," 江 蘇 華 亭 人",358
446,"Wang Fengxian","王 鳳 嫻"," 雲 間 人",90
447,"Wang Fengying","王 鳳 英"," 江 蘇 長 洲 人",251
448,"Wang Fozhen","汪 佛 珍"," 江 蘇 婁 縣 人",351
449,"Wang Fu","王 馥"," 江 蘇 太 倉 人",257
450,"Wang Furen","王 夫 人 （ 鍾 坪 妻 ）"," 山 西 長 治 人",92
451,"Wang Furen","王 夫 人"," 廬 江 人",92
452,"Wang Gui","王 桂"," 浙 江 嘉 善 人",237
453,"Wang Guoxiang","汪 國 香"," 江 蘇 華 亭 人",353
454,"Wang Heng","汪 蘅"," 浙 江 仁 和 人",360
455,"Wang Heng","王 姮"," 浙 江 任 和 人",235
456,"Wang Heng","王 珩"," 江 蘇 嘉 定 人",238
457,"Wang Huaxi","汪 華 熙"," 江 蘇 吳 縣 人",355
458,"Wang Hui","汪 蕙"," 浙 江 海 寧 人",358
459,"Wang Hui","王 慧"," 江 蘇 太 倉 人",252
460,"Wang Huifang","王 蕙 芳"," 江 蘇 吳 江 人",254
461,"Wang Huifen","汪 蕙 芬"," 江 蘇 吳 江 人",358
462,"Wang Huiren","王 慧 仁"," 江 蘇 青 浦 人",252
463,"Wang Huizeng","王 慧 增"," 江 蘇 常 熟 人",252
464,"Wang Huizhen","王 蕙 貞"," 江 蘇 常 熟 人",254
465,"Wang Jiang","王 姜"," 陝 西 榆 林 人",235
466,"Wang Jiashu","汪 嘉 淑"," 安 徽 休 寧 人",356
467,"Wang Jin","王 瑾"," 江 蘇 上 元 人",247
468,"Wang Jin","王 謹"," 浙 東 人",257
469,"Wang Jingde","王 靜 德"," 江 蘇 嘉 定 人",255
470,"Wang Jinggu","王 靜 姑"," 浙 江 錢 塘 人",255
471,"Wang Jingshu","王 靜 淑"," 浙 江 山 陰 人",255
472,"Wang Jingwan","王 靜 紈"," 江 蘇 太 倉 人",255
473,"Wang Jingyi","王 靜 儀"," 江 蘇 太 倉 人",255
474,"Wang Jizao","王 繼 藻"," 湖 南 湘 潭 人",258
475,"Wang Jun","汪 筠"," 浙 江 錢 塘 人",356
476,"Wang Jun","王 筠"," 陝 西 長 安 人",245
477,"Wang Junxian","王 筠 僊"," 江 蘇 江 寧 人",246
478,"Wang Jusun","汪 菊 孫"," 浙 江 錢 塘 人",355
479,"Wang Kunzao","王 昆 藻"," 江 蘇 婁 縣 人",239
480,"Wang Lan","汪 蘭"," 浙 江 仁 和 人",359
481,"Wang Lang","王 朗"," 金 壇 人",86
482,"Wang Lanpei","王 蘭 佩"," 浙 江 錢 塘 人",258
483,"Wang Lanxiu","王 蘭 修"," 江 蘇 嘉 定 人",259
484,"Wang Liang","汪 亮"," 浙 江 桐 鄉 人",353
485,"Wang Lianguang","王 蓮 光"," 江 蘇 上 元 人",254
486,"Wang Lijuan","王 麗 娟"," 山 東 濟 南 人",258
487,"Wang Lingwen","王 令 聞"," 江 蘇 華 亭 人",231
488,"Wang Linshu","王 麟 書"," 四 川 華 陽 人",259
489,"Wang Lu","王 祿"," 浙 江 長 興 人",247
490,"Wang Lun","王 綸","",40
491,"Wang Luqing","王 璐 卿"," 江 蘇 通 州 人",256
492,"Wang Luying","汪 蘆 英"," 江 西 奉 新 人",359
493,"Wang Man","王 璊"," 湖 南 湘 潭 人",253
494,"Wang Manfang","王 滿 芳"," 浙 江 長 興 人",247
495,"Wang Manrong","王 曼 容 （ 北 里 ）","",87
496,"Wang Manyun","汪 曼 芸"," 江 蘇 吳 縣 人",353
497,"Wang Maofang","汪 懋 芳"," 浙 江 烏 程 人",359
498,"Wang Menglan","王 夢 蘭"," 素 芬 吳 江 人",250
499,"Wang Menglan","王 夢 蘭"," 畹 芬 太 湖 人",251
500,"Wang Mengyan","汪 夢 燕"," 安 徽 歙 縣 人",358
501,"Wang Mulan","王 慕 蘭"," 奉 化 人",253
502,"Wang Muzhen","王 慕 真"," 江 蘇 江 都 人",253
503,"Wang Naide","王 迺 德"," 江 蘇 丹 徒 人",239
504,"Wang Nairong","王 迺 容"," 江 蘇 丹 徒 人",238
505,"Wang Peiheng","汪 佩 珩"," 江 蘇 儀 徵 人",352
506,"Wang Peiheng","王 佩 珩"," 浙 江 任 和 人",232
507,"Wang Peihua","王 佩 華"," 常 熟 人",232
508,"Wang Peihua","王 佩 華"," 太 倉 人",233
509,"Wang Peixiang","王 佩 香"," 太 倉 人",233
510,"Wang Puren","王 樸 人"," 江 西 玉 山 人",254
511,"Wang Qian","王 倩"," 雅 三 山 陰 人",237
512,"Wang Qian","王 倩"," 琬 紅 錢 塘 人",237
513,"Wang Qichuang","王 綺 窗"," 湖 南 善 化 人",250
514,"Wang Qing","汪 清"," 江 蘇 東 臺 人",353
515,"Wang Qinglan","王 清 蘭"," 山 東 高 密 人",239
516,"Wang Qingli","王 慶 隸"," 浙 江 錢 塘 人",253
517,"Wang Qingxia","王 清 霞"," 江 蘇 青 浦 人",239
518,"Wang Qingying","汪 清 英"," 浙 江 錢 塘 人",353
519,"Wang Qinyun","汪 琴 雲"," 浙 江 錢 塘 人",355
520,"Wang Qiong","王 瓊"," 江 蘇 丹 徒 人",256
521,"Wang Qiongying","王 瓊 瑛"," 福 建 候 官 人",257
522,"Wang Quan","王 荃"," 嘉 興 梅 里 人",239
523,"Wang Ren","汪 紉"," 浙 江 任 和 人",352
524,"Wang Renlan","汪 紉 蘭"," 江 蘇 吳 縣 人",352
525,"Wang RenPei","畹 紉 佩"," 江 蘇 婺 源 人",236
526,"Wang Rugui","王 如 圭"," 江 蘇 婁 縣 人",232
527,"Wang Rui","王 睿"," 江 蘇 太 興 人",250
528,"Wang Ruiguang","王 瑞 光"," 江 蘇 揚 州 人",245
529,"Wang Ruilan","王 瑞 蘭"," 福 建 永 福 人",245
530,"Wang Ruiqing","王 蕊 卿"," 安 徽 和 州 人",255
531,"Wang Rulan","汪 汝 瀾"," 浙 江 秀 水 人",351
532,"Wang Shang","王 尚"," 古 燕 大 成 人",233
533,"Wang Shanggong","王 尚 恭","",40
534,"Wang Shao","汪 韶"," 安 徽 六 安 人",358
535,"Wang Shao","王 韶"," 浙 江 錢 塘 人",251
536,"Wang Shaohua","王 少 華"," 安 徽 婺 源 人",230
537,"Wang Shaozhi","王 邵 之","",6
538,"Wang Shengzhi","王 甥 稙"," 江 蘇 江 陰 人",241
539,"Wang shi","汪 氏 （ 何 恒 銘 妻 ）"," 福 建 閩 縣 人",360
540,"Wang shi","汪 氏 （ 錢 有 嘹 妻 ）"," 浙 江 秀 水 人",360
541,"Wang shi","汪 氏 （ 吳 鶴 翔 妻 ）"," 徽 州 人",111
542,"Wang Shi","汪 是"," 安 徽 歙 縣 人",352
543,"Wang shi","王 氏","",41
544,"Wang shi","王 氏","",41
545,"Wang shi","王 氏 （ 沈 應 星 妻 ）"," 江 蘇 阜 寧 人",261
546,"Wang shi","王 氏 （ 萬 福 妻 ）"," 雲 南 保 山 人",93
547,"Wang shi","王 氏 （ 張 載 徵 妻 ）"," 山 東 萊 陽 人",93
548,"Wang shi","王 氏 （ 張 恆 源 妻 ）"," 浙 江 杭 州 人",261
549,"Wang shi","王 氏 （ 趙 友 倩 妻 ）"," 江 蘇 常 熟 人",259
550,"Wang shi","王 氏 （ 丁 莊 妻 ）"," 廣 東 瓊 州 人",260
551,"Wang shi","王 氏 （ 王 榮 桂 女  ）"," 江 蘇 江 都 龍 洲 人",261
552,"Wang shi","王 氏 （ 周 系 興 妻 ）"," 湖 南 湘 潭 人",261
553,"Wang shi","王 氏 （ 周 忻 妻 ）"," 山 東 海 陽 人",260
554,"Wang shi","王 氏 （ 洪 守 純 母 ）"," 浙 江 海 寧 人",260
555,"Wang shi","王 氏 （ 孫 長 和 妻 ）"," 安 徽 壽 洲 人",260
556,"Wang shi","王 氏 （ 徐 詹 寧 妻 ）"," 太 倉 人",93
557,"Wang shi","王 氏 （ 徐 剛 振 妻 ）"," 浙 江 海 寧 人",259
558,"Wang shi","王 氏 （ 馬 邦 玉 妻 ）"," 山 東 魚 臺 人",260
559,"Wang shi","王 氏 （ 高 虞 恂 妻 ）"," 山 東 高 密 人",260
560,"Wang shi","王 氏 （ 陳 尚 古 妻 ）"," 浙 江 烏 程 人",259
561,"Wang shi","王 氏 （ 陳 熉 農 妻 ）"," 貴 州 遵 義 人",260
562,"Wang shi","王 氏"," 通 州 人",92
563,"Wang shi","王 氏 （ 薛 曰 玟 妻 ）"," 山 東 膠 州 人",259
564,"Wang shi","王 氏 （ 戴 京 妻 ）"," 浙 江 錢 塘 人",260
565,"Wang shi","王 氏 （ 龐 源 妻 ）"," 鄠 縣 人",92
566,"Wang shi","王 氏 （ 魏 承 越 妻 ）"," 湖 南 衡 陽 人",259
567,"Wang shi","王 氏 （ 欒 樟 妻 ）"," 直 隸 靜 海 人",259
568,"Wang shi","王 氏 〔 劉 孔 和 妻 ）"," 山 東 鄒 平 人",93
569,"Wang Shiling","王 詩 齡"," 浙 江 山 陰 人",247
570,"Wang Shouchun","王 壽 春"," 湖 南 醴 陵 人",247
571,"Wang Shu","王 書"," 江 蘇 揚 州 人",237
572,"Wang Shu","王 淑"," 江 蘇 吳 江 人",239
573,"Wang Shuangfeng","王 雙 鳳"," 江 蘇 金 山 人",257
574,"Wang Shuchen","王 淑 辰","",240
575,"Wang Shuduan","汪 淑 端"," 福 建 閩 縣 人",354
576,"Wang Shugu","王 淑 姑"," 浙 江 臨 海 人",240
577,"Wang Shujuan","汪 淑 娟"," 浙 江 錢 塘 人",354
578,"Wang Shunjin","王 順 晉"," 山 東 濟 寧 人",241
579,"Wang Shushen","王 淑 慎"," 安 徽 全 椒 人",240
580,"Wang Shuwan","汪 淑 婉"," 浙 江 錢 塘 人",354
581,"Wang Shuyi","王 淑 宜","",240
582,"Wang Shuyu","汪 漱 玉"," 湖 南 衡 山 人",356
583,"Wang Shuyuan","汪 淑 媛"," 廣 西 桂 林 人",354
584,"Wang Shuzeng","王 淑 增"," 江 蘇 常 熟 人",240
585,"Wang Shuzhao","王 淑 昭"," 直 隸 雄 縣 人",240
586,"Wang Shuzhen","汪 淑 珍"," 安 徽 旌 德 人",353
587,"Wang Shuzhen","王 淑 貞"," 甘 肅 張 掖 人",241
588,"Wang Shuzheng","王 淑 正"," 江 蘇 懷 安 人",240
589,"Wang Sihui","王 嗣 暉"," 浙 江 海 鹽 人",242
590,"Wang Simei","王 思 梅"," 浙 江 天 台 人",233
591,"Wang Songqing","王 松 清"," 安 徽 無 為 洲 人",233
592,"Wang Sue","王 素 娥"," 山 陰 人",87
593,"Wang Sufen","王 素 芬","",238
594,"Wang Sujuan","王 素 娟"," 四 川 蒲 江 人",238
595,"Wang Sun","王 蓀"," 蘭 姒 長 州 人",251
596,"Wang Sun","王 蓀"," 若 蘭 宛 丘 人",251
597,"Wang Suwen","王 素 雯"," 湖 北 孝 感 人",238
598,"Wang Suyun","王 素 雲"," 廣 東 清 遠 人",238
599,"Wang Tianzhen","王 天 真"," 貴 州 貴 筑 人",231
600,"Wang Wan","汪 畹"," 江 蘇 陽 湖 人",356
601,"Wang Wanyu","汪 畹 玉"," 江 蘇 吳 縣 人",356
602,"Wang Wei","王 微"," 江 都 人",88
603,"Wang Wei","王 煒"," 江 蘇 太 倉 人",242
604,"Wang Weide","王 維 德"," 江 蘇 嘉 定 人",250
605,"Wang Wenluan","汪 文 鸞"," 江 蘇 沭 陽 人",350
606,"Wang Wenrui","王 文 瑞"," 浙 江 嘉 興 人",230
607,"Wang Wenyu","王 文 羽"," 湖 南 善 化 人",230
608,"Wang Wenyue","汪 文 月","",350
609,"Wang Xiaming","王 霞 明"," 江 蘇 嘉 定 人",256
610,"Wang Xiange","王 湘 娥"," 浙 江 錢 塘 人",241
611,"Wang Xiangjun","王 湘 筠"," 江 蘇 太 倉 人",241
612,"Wang Xiangpo","王 湘 杷"," 浙 江 任 和 人",241
613,"Wang Xiangxu","王 湘 嬃"," 浙 江 錢 塘 人",241
614,"Wang Xie","王 謝"," 江 蘇 昭 文 人",256
615,"Wang Xihui","王 錫 蕙"," 浙 江 烏 程 人",255
616,"Wang Xisheng","王 禊 生"," 浙 江 錢 塘 人",248
617,"Wang Xiujun","王 秀 君"," 江 蘇 武 進 人",234
618,"Wang Xuan","汪 愃"," 浙 江 錢 塘 人",355
619,"Wang Xuan","王 璿"," 福 建 候 官 人",256
620,"Wang Xue","王 靴"," 浙 江 慈 谿 人",258
621,"Wang Xuezhao","汪 學 昭"," 江 蘇 上 元 人",358
622,"Wang Yanzhi","王 演 之","",693
623,"Wang Yanzhi","王 演 之"," 浙 江 分 水 人",247
624,"Wang Yao","汪 瑤"," 安 徽 休 寧 人",357
625,"Wang Yaofang","汪 瑤 芳"," 安 徽 懷 寧 人",357
626,"Wang Yaofen","王 瑤 芬"," 江 蘇 金 陵 人",245
627,"Wang Yaoxiang","王 瑤 湘"," 廣 東 南 海 人",245
628,"Wang Yi","王 宜"," 上 海 三 林 塘 人",233
629,"Wang Ying","汪 熒"," 安 徽 歙 縣 人",355
630,"Wang Ying","王 瑩"," 江 蘇 太 倉 人",254
631,"Wang Yinian","王 頤 年"," 浙 江 溫 州 人",256
632,"Wang Yixian","王 儀 仙"," 江 蘇 昆 山 人",254
633,"Wang Youjian","王 宥 簡"," 湖 南 長 沙 人",236
634,"Wang Youmei","王 友 楣"," 福 建 武 平 人",230
635,"Wang Yousu","汪 又 蘇"," 安 徽 歙 縣 人",350
636,"Wang Youzhen","王 幼 貞"," 浙 江 秀 水 人",231
637,"Wang Yu","王 矞","",242
638,"Wang Yuan","王 媛"," 江 蘇 吳 縣 人",242
639,"Wang Yuan","王 瑗"," 江 蘇 長 洲 人",245
640,"Wang Yuanli","王 元 禮"," 浙 江 任 和 人",231
641,"Wang Yuanrui","汪 元 瑞"," 江 蘇 太 倉 人",350
642,"Wang Yuanzhu","王 元 珠"," 樞 齡 嘉 興 人",231
643,"Wang Yuanzhu","王 元 珠"," 雅 同 上 海 人",231
644,"Wang Yuecai","汪 曰 采"," 浙 江 烏 程 人",350
645,"Wang Yuelian","王 嶽 蓮"," 江 蘇 無 錫 人",256
646,"Wang Yuezhu","汪 曰 杼"," 浙 江 烏 程 人",350
647,"Wang Yufen","王 玉 芬"," 安 徽 婺 源 人",232
648,"Wang Yufeng","王 虞 鳳"," 候 官 人",87
649,"Wang Yulan","王 郁 蘭"," 浙 江 臨 海 人",237
650,"Wang Yun","汪 畇"," 江 蘇 陽 湖 人",353
651,"Wang Yunlan","王 韻 蘭"," 江 蘇 常 熟 人",247
652,"Wang Yunmei","汪 韻 梅"," 浙 江 錢 塘 人",359
653,"Wang Yunmei","王 韻 梅"," 江 蘇 昭 文 人",257
654,"Wang Yunrong","王 蘊 容"," 浙 江 山 陰 人",258
655,"Wang Yunwei","王 韞 徽"," 江 蘇 婁 縣 人",258
656,"Wang Yunxiu","王 蘊 秀","",19
657,"Wang Yunying","王 雲 影"," 浙 江 蘭 谿 人",254
658,"Wang Yunyu","汪 韞 玉"," 安 徽 休 寧 人",359
659,"Wang Yunyu","王 韞 玉"," 浙 江 湖 州 人",257
660,"Wang Yunzhen","王 蘊 貞","",258
661,"Wang Yunzhi","王 允 執"," 浙 江 嘉 善 人",231
662,"Wang Yuru","王 玉 如"," 浙 江 山 陰 人",232
663,"Wang Yuying","汪 玉 英"," 安 徽 歙 縣 人",350
664,"Wang Yuying","汪 毓 英"," 浙 江 平 湖 人",356
665,"Wang Yuzhen","汪 玉 珍"," 浙 江 錢 塘 人",351
666,"Wang Yuzhen","汪 玉 軫"," 江 蘇 吳 江 人",351
667,"Wang Yuzhen","王 毓 貞"," 江 蘇 揚 州 人",247
668,"Wang Zan","汪 贊"," 安 徽 桐 城 人",359
669,"Wang Zanzu","汪 贊 祖"," 浙 江 仁 和 人",360
670,"Wang Zengan","汪 增 安"," 浙 江 錢 塘 人",358
671,"Wang Zengse","汪 曾 瑟"," 浙 江 錢 塘 人",355
672,"Wang Zhang","王 璋"," 浙 江 錢 塘 人",254
673,"Wang Zhaoluan","王 肇 鸞"," 江 蘇 丹 徒 人",251
674,"Wang Zhaoqi","王 昭 齊"," 江 蘇 昆 山 人",235
675,"Wang Zhaoshu","王 兆 淑"," 通 州 人",86
676,"Wang Zhaoyuan","王 照 圓"," 山 東 福 山 人",242
677,"Wang Zhen","汪 甄"," 浙 江 錢 塘 人",356
678,"Wang Zhen","王 珍"," 湖 南 衡 陽 人",236
679,"Wang Zhen","王 貞"," 江 蘇 璜 涇 人",236
680,"Wang Zheng","王 正"," 江 蘇 江 都 人",232
681,"Wang Zhenshu","王 振 淑"," 湖 南 人",238
682,"Wang Zhenyi","王 貞 儀"," 江 蘇 上 元 人",236
683,"Wang Zhishan","王 之 珊"," 江 蘇 婁 縣 人",230
684,"Wang Zhonghui","王 仲 徽"," 安 徽 全 椒 人",232
685,"Wang Zhongxian","汪 仲 仙"," 江 蘇 人",351
686,"Wang Zhongyuan","汪 仲 媛"," 浙 江 錢 塘 人",351
687,"Wang Zhusu","王 竹 素"," 江 蘇 吳 縣 人",232
688,"Wanyan Foyunbao","完 顏 佛 芸 保"," 滿 州 人",815
689,"Wanyan Jinxi","完 顏 金 樨"," 滿 州 人",815
690,"Wanyan Miaolianbao","完 顏 妙 蓮 保"," 滿 州 人",815
691,"Wei Fengzhen","魏 鳳 珍"," 福 建 候 官 人",789
692,"Wei Huacun","魏 華 存","",11
693,"Wei Jianglan","魏 將 蘭"," 古 杭 人",206
694,"Wei Rongxiang","衛 融 香"," 江 蘇 長 洲 人",749
695,"Wei shi","韋 氏","",29
696,"Wei shi","韋 氏","",29
697,"Wei Shi","魏 氏 （ 趙 祖 壽 繼 妻 ）"," 江 蘇 興 化 人",789
698,"Wei Shufeng","魏 淑 鳳"," 福 建 邵 武 人",789
699,"Wei Shuo","衛 鑠","",9
700,"Wei Wan","魏 玩","",67
701,"Wei Wen","衛 紋"," 江 西 彭 澤 人",749
702,"Wei Xianlai","衛 仙 來"," 江 蘇 華 亭 人",749
703,"Wei Yanbao","魏 彥 寶"," 浙 江 仁 和 人",789
704,"Wei Yueru","魏 月 如"," 浙 江 桐 鄉 人",788
705,"Wei Yuyun","魏 于 雲"," 浙 江 柳 溪 人",788
706,"Weiji","維 極"," 浙 江 仁 和 人",822
707,"Wen Bin","溫 彬"," 烏 程 人",186
708,"Wen Chu","文 俶"," 蘇 州 人",80
709,"Wen Hong","溫 鴻"," 廣 東 順 德 龍 山 人",681
710,"Wen Huang","文 篁"," 長 白 人",813
711,"Wen Jingyu","文 靜 玉"," 江 蘇 吳 縣 人",222
712,"Wen Lianzhen","溫 廉 貞"," 浙 江 烏 程 人",681
713,"Wen Muzhen","溫 慕 貞"," 浙 江 烏 程 人",681
714,"Wen Pu","聞 璞"," 浙 江 石 門 人",702
715,"Wen Renhuiyin","聞 人 徽 音"," 浙 江 餘 姚 人",702
716,"Wen shi","文 氏 （ 葛 大 受 妻 ）"," 三 水 人",80
717,"Wen Wan","溫 琬","",63
718,"Wen Xianmi","文 先 謐"," 湖 南 寧 薌 人",222
719,"Wen Xing","文 星"," 浙 江 西 安 人",222
720,"Wen Xiuyu","聞 秀 玉"," 江 蘇 太 倉 人",702
721,"Wen Zhiyu","聞 芝 玉"," 江 蘇 太 倉 人",702
722,"Wen Zuoxian","文 祚 閑"," 廣 西 人",222
723,"Weng Duanen","翁 端 恩"," 江 蘇 常 熟 人",489
724,"Weng Guangzhu","翁 光 珠","  江 蘇 常 熟 人",488
725,"Weng Huan","翁 桓"," 浙 江 錢 塘 人",488
726,"Weng Ruan","翁 孺 安"," 常 熟 人",149
727,"Weng shi","翁 氏"," 仁 和 人",489
728,"Weng Ying","翁 瑛"," 江 蘇 吳 縣 人",489
729,"Weng Yushu","翁 與 淑"," 浙 江 仁 和 人",489
730,"Weng Yusun","翁 玉 蓀"," 江 蘇 常 熟 人",488
731,"Weng Zhulou","翁 珠 樓 （ 翁 靜 同 ）","  長 洲 洞 庭 山 人",488
732,"Wu Bai","吳 柏"," 任 和 人",102
733,"Wu Ban","吳 班"," 福 建 晉 江 人",308
734,"Wu Benzhen","吳 本 貞"," 江 蘇 吳 縣 人",301
735,"Wu Bi","吳 碧"," 浙 江 任 和 人",314
736,"Wu Cailuan","吳 彩 鸞","",20
737,"Wu Chouwu","吳 疇 五"," 河 南 固 始 人",317
738,"Wu Chunfang","吳 春 芳"," 江 蘇 江 陰 人",306
739,"Wu Danru","伍 淡 如"," 雲 南 人",272
740,"Wu Deming","吾 德 明"," 浙 江 海 鹽 人",297
741,"Wu Dexin","吳 德 馨"," 江 蘇 振 澤 人",315
742,"Wu Duanshu","吳 端 淑"," 浙 江 山 陰 人",314
743,"Wu Duanyu","吳 端 璵"," 浙 江 烏 程 人",314
744,"Wu Fang","吳 芳"," 浙 江 石 門 人",304
745,"Wu Fangzhen","吳 芳 珍"," 浙 江 錢 塘 人",305
746,"Wu Fen","吳 芬"," 浙 江 石 門 人",304
747,"Wu Fengyi","吳 鳳 儀"," 江 蘇 嘉 定 人",314
748,"Wu Fu","吳 馥"," 江 蘇 泰 興 人",316
749,"Wu Ganzhu","吳 紺 珠"," 浙 江 海 寧 人",309
750,"Wu Guichen","吳 規 臣"," 江 蘇 金 壇 人",310
751,"Wu Guizhen","吳 閨 貞"," 烏 程 人",106
752,"Wu Haisheng","吳 亥 生"," 浙 江 歸 安 人",302
753,"Wu Heng","吳 恒"," 浙 江 桐 鄉 人",304
754,"Wu Huang","吳 黃"," 浙 江 嘉 善 人",313
755,"Wu Huanghou","武 皇 后"," ",0
756,"Wu Hui","吳 蕙 （ 蘊 芬 ）"," 浙 江 錢 塘 人",315
757,"Wu Hui","吳 蕙 （ 關 質 ）"," 江 蘇 吳 江 人",315
758,"Wu Hui","吳 蕙 （ 靜 香 ）"," 江 蘇 吳 縣 人",315
759,"Wu Jiamei","吳 家 楣"," 湖 南 長 沙 人",307
760,"Wu Jiaolin","吳 皎 臨"," 江 蘇 常 熟 人",309
761,"Wu Jifen","吳 季 芬"," 安 徽 涇 川 人",304
762,"Wu Jing","吳 靜"," 江 蘇 昭 文 人",315
763,"Wu Jiu","吳 玖"," 浙 江 石 門 人",303
764,"Wu Jiusi","吳 九 思"," 浙 江 嘉 興 人",297
765,"Wu Juan","吳 娟"," 上 元 人",103
766,"Wu Juanjuan","吳 娟 娟"," 廣 東 石 城 人",308
767,"Wu Jun","吳 筠"," 浙 江 嘉 興 人",313
768,"Wu Kunyuan","吳 坤 元"," 桐 城 人",102
769,"Wu Lan","伍 蘭"," 湖 南 新 化 人",273
770,"Wu Lan","吳 蘭"," 江 蘇 荊 溪 人",317
771,"Wu Lanwan","吳 蘭 畹"," 江 蘇 常 熟 人",318
772,"Wu Lanze","吳 蘭 澤"," 江 蘇 常 熟 人",318
773,"Wu Lingyi","吳 令 儀"," 桐 城 人",101
774,"Wu Lingze","吳 令 則"," 桐 城 人",102
775,"Wu Liniang","吳 荔 娘"," 福 建 莆 田 人",308
776,"Wu Linzhu","吳 麟 珠"," 安 徽 涇 縣 人",318
777,"Wu Lizhen","吳 麗 珍"," 江 蘇 吳 江 人",316
778,"Wu Lizhu","吳 麗 珠"," 浙 江 海 寧 人",316
779,"Wu Meige","吳 梅 閣"," 無 為 人",103
780,"Wu Mengjia","吳 孟 嘉"," 安 徽 桐 城 人",304
781,"Wu Nian","吳 年"," 浙 江 歸 安 人",302
782,"Wu Pinmei","吳 品 梅"," 浙 江 諸 暨 流 子 里 人",306
783,"Wu Qi","吳 琪","",126
784,"Wu Qi","吳 淇"," 長 洲 人",104
785,"Wu Qinghui","吳 清 蕙"," 江 蘇 吳 縣 人",310
786,"Wu Qinglian","吳 清 蓮"," 江 蘇 東 吳 人",309
787,"Wu Qinglian","吳 卿 憐"," 江 蘇 吳 縣 人",308
788,"Wu Qingxia","吳 青 霞"," 浙 江 海 寧 人",305
789,"Wu Qiongxian","吳 瓊 仙"," 江 蘇 振 澤 人",316
790,"Wu Qiuyin","吳 秋 音"," 江 蘇 青 浦 人",307
791,"Wu Qu","吳 胠"," 江 蘇 華 亭 人",307
792,"Wu Renlan","吳 紉 蘭"," 福 建 長 汀 人",307
793,"Wu Runqing","吳 潤 卿"," 浙 江 嘉 興 人",315
794,"Wu Ruobing","吳 若 冰"," 江 西 南 城 人",306
795,"Wu Ruoyun","吳 若 雲"," 江 蘇 嘉 定 人",306
796,"Wu Ruren","吳 孺 人"," 湖 南 善 化 人",318
797,"Wu Senzha","吳 森 札"," 江 蘇 吳 江 人",311
798,"Wu Shan","吳 山"," 安 徽 當 塗 人",298
799,"Wu Shangxi","吳 尚 熹"," 廣 東 南 海 人",303
800,"Wu Shen","吳 申"," 安 徽 歙 縣 人",301
801,"Wu Shen","吳 慎"," 浙 江 海 鹽 人",313
802,"Wu shi","吳 氏","",47
803,"Wu shi","武 氏 （ 文 翔 鳳 妻 ）"," 寧 州 人",128
804,"Wu shi","吳 氏 （ 朱 嘉 徵 妻 ）"," 浙 江 海 寧 人",319
805,"Wu shi","吳 氏 （ 朱 錦 妻 ）"," 浙 江 秀 水 人",319
806,"Wu shi","吳 氏 （ 沈 三 曾 妻 ）"," 浙 江 德 清 人",319
807,"Wu shi","吳 氏 （ 汪 錫 嘏 妻 ）"," 浙 江 任 和 人",319
808,"Wu shi","吳 氏 （ 錢 勗 妻 ）"," 安 徽 桐 城 人",320
809,"Wu shi","吳 氏"," 常 州 人",320
810,"Wu shi","吳 氏 （ 趙 鼎 妻 ）"," 安 徽 涇 縣 人",320
811,"Wu Shi","吳 氏 （ 王 發 祥 妻 ）"," 江 蘇 太 倉 人",318
812,"Wu shi","吳 氏 （ 光 聰 諧 妻 ）"," 安 徽 桐 城 人",319
813,"Wu shi","吳 氏 （ 吳 振 纓 女 ）"," 浙 江 湖 州 人",320
814,"Wu shi","吳 氏 （ 徐 乾 妻 ）"," 安 徽 合 肥 人",320
815,"Wu shi","吳 氏 （ 徐 鞶 錫 妻 ）"," 浙 江 安 吉 人",319
816,"Wu shi","吳 氏"," 桐 城 人",320
817,"Wu shi","吳 氏 （ 黃 傳 驥 妻 ）"," 江 西 人",319
818,"Wu shi","吳 氏 （ 溫 汝 遂 妻 ）"," 廣 東 順 德 人",320
819,"Wu shi","吳 氏 （ 劉 曾 璇 妻 ）"," 直 隸 滄 州 人",319
820,"Wu shi","吳 氏 （ 邵 光 胤 妻 ）"," 浙 江 錢 塘 人",319
821,"Wu shi","吳 氏 （ 胡 斯 煌 妻 ）"," 浙 江 嘉 興 人",320
822,"Wu Shiren","吳 世 仁"," 江 蘇 同 皋 人",301
823,"Wu Shiyun","吳 師 韞"," 江 蘇 同 皋 人",307
824,"Wu Shouzhu","吳 受 竹"," 浙 江 長 興 人",305
825,"Wu Shu","武 淑"," 陝 西 富 平 人",399
826,"Wu Shuji","吳 淑 姬","",47
827,"Wu Shujuan","吳 淑 娟"," 安 徽 歙 縣 人",309
828,"Wu Shushen","吳 淑 慎"," 浙 江 杭 州 人",309
829,"Wu Shusheng","吳 淑 升"," 江 蘇 吳 江 黎 里 人",308
830,"Wu Shusui","吳 淑 隨"," 江 蘇 吳 江 平 望 人",309
831,"Wu Shuyi","吳 淑 儀"," 香 溪 儀 徵 人",309
832,"Wu Shuyi","吳 淑 儀"," 芝 仙 錢 塘 人",309
833,"Wu Shuyi","武 淑 儀"," 江 蘇 蒼 山 人",400
834,"Wu Si","吳 絲"," 安 徽 合 肥 人",312
835,"Wu Siuyan","吳 繡 硯"," 安 徽 歙 縣 人",317
836,"Wu Songfen","吳 誦 芬"," 浙 江 平 湖 人",314
837,"Wu Tansu","吳 曇 素"," 江 蘇 吳 江 人",316
838,"Wu Wantao","吳 捥 桃"," 江 蘇 振 澤 人",313
839,"Wu Wanyi","吳 婉 宜"," 浙 江 錢 塘 人",310
840,"Wu Wanyu","吳 婉 玉"," 福 建 福 安 人",310
841,"Wu Wanyun","吳 浣 雲"," 江 蘇 武 進 人",308
842,"Wu Wenqing","吳 文 卿"," 浙 江 石 門 人",300
843,"Wu Wenrou","吳 文 柔"," 江 蘇 吳 江 人",300
844,"Wu Wenyuan","吳 文 媛"," 江 蘇 元 和 人",298
845,"Wu Wu","吳 吳"," 江 蘇 江 都 人",302
846,"Wu Xian","吳 嫻"," 江 蘇 常 熟 人",315
847,"Wu Xiang","吳 湘"," 筠 仙 石 門 人",311
848,"Wu Xiang","吳 湘"," 婉 羅 杭 州 人",311
849,"Wu Xiang","吳 湘 （ 漱 玉 ）","",311
850,"Wu Xiang","吳 湘"," 若 耶 江 都 人",311
851,"Wu Xiao","吳 綃"," 長 洲 人",105
852,"Wu Xiaogu","吳 小 姑"," 廣 東 瓊 州 人",297
853,"Wu Xiaohua","吳 小 華"," 湖 南 長 沙 人",298
854,"Wu Xiaoyun","吳 小 雲"," 湖 南 長 沙 人",297
855,"Wu Xiezhu","吳 嶰 竹"," 江 西 鄱 陽 人",315
856,"Wu Xiuyue","吳 修 月"," 安 徽 歙 縣 人",306
857,"Wu Xiuzhu","吳 秀 珠"," 安 徽 涇 縣 人",305
858,"Wu Xizhu","吳 喜 珠"," 安 徽 歙 縣 人",310
859,"Wu Xuesu","吳 學 素"," 江 蘇 婁 縣 人",315
860,"Wu Yi","吳 懿"," 安 徽 全 椒 人",318
861,"Wu Yi","武 懿"," 浙 江 錢 塘 人",400
862,"Wu Yifang","吳 義 坊"," 湖 北 天 門 人",313
863,"Wu Ying","吳 瑛"," 詹 同 太 平 人",312
864,"Wu Ying","吳 瑛"," 雪 嵋 長 洲 人",312
865,"Wu Ying","吳 瑛"," 瓊 華 嘉 興 人",312
866,"Wu Ying","吳 瑛"," 若 華 平 湖 人",312
867,"Wu Yonggai","吳 詠 陔"," 江 蘇 長 洲 人",313
868,"Wu Yonghe","吳 永 和"," 江 蘇 南 蘭 陵 人",301
869,"Wu Youxian","吳 又 仙"," 湖 南 長 沙 人",297
870,"Wu Yu","吳 瑜"," 江 蘇 孟 城 人",321
871,"Wu Yu","吳 圩"," 江 蘇 長 洲 人",302
872,"Wu Yuan","吳 瑗"," 江 蘇 無 錫 人",314
873,"Wu Yuanshan","吳 元 善"," 浙 江 嘉 興 人",301
874,"Wu Yuesu","吳 月 素"," 廣 東 吳 川 人",301
875,"Wu Yuhua","吳 玉 華"," 浙 江 安 吉 人",302
876,"Wu Yun","吳 沄"," 宜 興 人",102
877,"Wu Yunhua","吳 芸 華"," 江 西 東 鄉 人",304
878,"Wu Yunzhu","烏 雲 珠","  滿 州 人",816
879,"Wu Yushu","吳 玉 書"," 浙 江 嘉 興 白 苧 村 人",302
880,"Wu Yusun","吳 毓 蓀"," 浙 江 歸 安 人",314
881,"Wu Zao","吳 藻"," 浙 江 任 和 人",317
882,"Wu Zhangzhu","吳 掌 珠"," 浙 江 烏 程 人",310
883,"Wu Zhengsu","吳 正 肅"," 江 蘇 揚 州 人",301
884,"Wu Zhenjing","吳 貞 靜"," 安 徽 桐 城 人",307
885,"Wu Zhi","吳 芷"," 江 蘇 吳 縣 人",312
886,"Wu Zhichun","吳 芷 椿"," 江 蘇 華 亭 人",312
887,"Wu Zhixiu","吳 之 秀"," 河 南 光 州 人",298
888,"Wu Zhongyun","吳 中 芸"," 安 徽 桐 城 人",298
889,"Wu Zhuan","吳 撰"," 浙 江 嘉 興 人",311
890,"Wu Zhulin","吳 竹 鄰"," 湖 南 益 陽 人",302
891,"Wu Zongai","吳 宗 愛"," 浙 江 永 康 人",303
892,"Wu Zongxian","吳 宗 憲"," 浙 江 秀 水 人",303
893,"Wu Zongyan","吳 宗 彥"," 浙 江 長 興 人",303
894,"Wu Zongyi","伍 宗 儀"," 江 蘇 陽 湖 人",272
895,"Xi Huiwen","席 蕙 文"," 江 蘇 吳 縣 人",469
896,"Xi Huiwen","席 慧 文"," 河 南 澠 池 人",469
897,"Xi Jun","席 筠"," 江 蘇 常 熟 人",469
898,"Xi Linxu","西 林 旭"," 滿 州 人",814
899,"Xi Ruizhu (Xi Peilan)","席 繠 珠 （  席 佩 蘭 ）"," 江 蘇 昭 文 人",469
900,"Xi Shaofen","席 紹 芬"," 江 蘇 震 澤 人",468
901,"Xi Shi","席 氏"," 汲 縣 人",469
902,"Xi Xizuo","席 希 左"," 江 蘇 吳 縣 人",468
903,"Xi Yin","奚 音"," 江 蘇 太 倉 人",458
904,"Xi Yingwen","奚 潁 文"," 浙 江 錢 塘 人",458
905,"Xi Yu","席 鈺"," 江 蘇 笠 澤 人",468
906,"Xi Zhongtian","席 仲 田"," 江 蘇 常 熟 人",468
907,"Xia Juchu","夏 菊 初"," 江 蘇 吳 縣 人",458
908,"Xia Mingdang","夏 明 璫"," 湖 南 衡 陽 人",457
909,"Xia Mingwan","夏 明 琬"," 湖 南 衡 陽 人",457
910,"Xia Mingxiu","夏 明 琇"," 湖 南 衡 陽 人",457
911,"Xia Mingyao","夏 明 瑤"," 湖 南 衡 陽 人",457
912,"Xia Qingzao","夏 卿 藻"," 浙 江 嘉 興 人",458
913,"Xia shi","夏 氏 （ 沈 荊 璋 妻 ）"," 江 蘇 揚 州 人",458
914,"Xia Sun","夏 蓀"," 江 蘇 江 陰 人",458
915,"Xia Yialan","夏 伊 蘭"," 浙 江 錢 塘 人",457
916,"Xia Yunying","夏 雲 英"," 山 東 莒 州 人",137
917,"Xia Zhi","夏 沚"," 江 蘇 無 錫 人",458
918,"Xiang Cen","湘 岑"," 滿 州 人",817
919,"Xiang Heng","項 蘅"," 浙 江 錢 塘 人",654
920,"Xiang Jianzhang","項 繭 章"," 浙 江 錢 塘 人",653
921,"Xiang Lanzhen","項 蘭 貞"," 嘉 興 人",175
922,"Xiang Pei","項 佩"," 浙 江 秀 水 人",653
923,"Xiang Zhen","項 稹"," 浙 江 瑞 安 人",653
924,"Xiao Daoguan","蕭 道 管"," 福 建 候 官 人",768
925,"Xiao Hengzhen","蕭 恆 貞"," 江 西 高 安 人",768
926,"Xiao Jingyu","蕭 晶 玉"," 直 隸 薊 州 人",768
927,"Xiao Lianshan","蕭 蓮 衫"," 湖 北 武 昌 人",769
928,"Xiao Peiqiu","蕭 佩 秋"," 湖 南 醴 陵 人",767
929,"Xiao Sese","蕭 瑟 瑟","",69
930,"Xiao Youzhu","蕭 友 竹","",767
931,"Xiao Zhongxiu","蕭 忠 琇"," 四 川 綿 竹 人",768
932,"Xichun","熙 春"," 蒙 古 人",818
933,"Xie Caifan","謝 采 蘩"," 福 建 候 官 人",771
934,"Xie Chongan","謝 崇 安"," 四 川 樂 山 縣 人",772
935,"Xie Chongcheng","謝 崇 成"," 四 川 樂 山 縣 人",772
936,"Xie Daoyun","謝 道 韞","",10
937,"Xie Fangduan","謝 方 端"," 廣 東 陽 春 人",771
938,"Xie Fengzhu","謝 鳳 珠"," 福 建 德 化 人",773
939,"Xie Huiqing","謝 慧 卿","",66
940,"Xie Huizhen","謝 慧 貞"," 湖 南 長 沙 人",773
941,"Xie Jinqiu","謝 錦 秋"," 山 東 濟 寧 人",773
942,"Xie Jinyun","謝 錦 蘊"," 江 蘇 陽 湖 人",773
943,"Xie Lanyin","謝 蘭 因"," 江 蘇 元 和 人",774
944,"Xie Linying","謝 琳 英"," 福 建 清 流 人",772
945,"Xie Peishan","謝 佩 珊"," 江 西 宜 黃 人",771
946,"Xie Pinchun","謝 顰 春"," 浙 江 上 虞 人",774
947,"Xie Shaozhen","謝 紹 貞"," 湖 北 沔 陽 人",772
948,"Xie shi","謝 氏 （ 李 英 萼 妻 ）"," 山 東 費 縣 人",774
949,"Xie shi","謝 氏 （ 林 某 妻 ）"," 福 建 人",774
950,"Xie shi","謝 氏 （ 廬 秋 水 妻 ）"," 揚 州 人",206
951,"Xie Shi","謝 氏"," 松 江 人",205
952,"Xie Shuqing","謝 淑 清","",772
953,"Xie Shuxin","謝 漱 馨"," 江 西 宜 黃 人",773
954,"Xie Suzhen","謝 素 真"," 浙 江 餘 姚 人",771
955,"Xie Wanxiang","謝 浣 湘"," 福 建 詔 安 人",772
956,"Xie Wuniang","謝 五 娘"," 海 陽 人",204
957,"Xie Xian","謝 咸"," 浙 江 仁 和 人",771
958,"Xie Xianci","謝 賢 慈"," 廣 西 臨 桂 人",773
959,"Xie Xiangtang","謝 香 塘"," 浙 江 平 陽 人",771
960,"Xie Ximeng","謝 希 孟","",65
961,"Xie Ying","謝 瑛"," 江 蘇 無 錫 人",773
962,"Xie Zongyun","謝 宗 蘊"," 浙 江 上 虞 人",771
963,"Xiguang","希 光"," 滿 州 人",814
964,"Xin Si","辛 絲"," 山 西 靈 石 人",375
965,"Xin Suxia","辛 素 霞"," 江 西 萬 載 人",375
966,"Xin Xiao","辛 嘯","",8
967,"Xing Cijing","邢 慈 靜"," 臨 邑 人",121
968,"Xing Shi","邢 氏 （ 季 炬 妻 ）"," 直 隸 吳 橋 人",375
969,"Xing Shunde","邢 順 德"," 山 東 陵 縣 人",375
970,"Xingfen","杏 芬"," 蒙 古 人",814
971,"Xinggang","行 剛 （ 胡 氏 ）"," 浙 江 嘉 興 人",820
972,"Xiong Huiyuan","熊 惠 媛"," 湖 南 長 沙 人",700
973,"Xiong Jiaying","熊 嘉 潁"," 江 蘇 江 寧 人",699
974,"Xiong Lian","熊 璉"," 江 蘇 同 皋 人",699
975,"Xiong Mei","熊 湄"," 江 蘇 昆 山 人",698
976,"Xiong Rongqing","熊 蓉 卿"," 湖 南 長 沙 人",700
977,"Xiong Xianghui","熊 象 慧"," 安 徽 潛 山 人",699
978,"Xiong Yefei","熊 業 飛"," 廣 東 電 白 人",191
979,"Xiong Yuhui","熊 毓 慧"," 江 西 新 建 人",700
980,"Xiong Zhaolan","熊 兆 蘭"," 湖 南 瀏 陽 人",698
981,"Xiuqing","秀 卿"," 江 蘇 吳 縣 名 妓",824
982,"Xu Anji","徐 安 吉"," 浙 江 上 虞 人",472
983,"Xu Bai","徐 柏"," 浙 江 海 寧 人",474
984,"Xu Baohui","徐 寶 輝"," 浙 江 嘉 興 人",482
985,"Xu Bingsu","許 冰 素"," 江 蘇 長 洲 洞 庭 人",559
986,"Xu Bingyu","許 冰 玉"," 江 蘇 常 熟 人",559
987,"Xu Caixia","徐 彩 霞","",475
988,"Xu Can","徐 璨"," 江 蘇 蘇 州 人",481
989,"Xu Chen","許 琛"," 福 建 候 官 人",563
990,"Xu Chuangui","許 傳 媯"," 浙 江 餘 姚 人",563
991,"Xu Chuwan","許 楚 畹"," 江 蘇 元 和 人",563
992,"Xu Chuyun","徐 楚 雲"," 浙 江 山 陰 人",478
993,"Xu DePin","許 德 蘋"," 江 蘇 吳 縣 人",565
994,"Xu Deying","徐 德 英"," 莆 田 人",144
995,"Xu Deyuan","許 德 瑗"," 福 建 晉 江 人",565
996,"Xu Deyun","許 德 蘊 （  徐 乃 昌 妻  ）","  浙 江 仁 和 人",565
997,"Xu Deyun","許 德 蘊 （  夏 穗 卿 妻  ）","  浙 江 德 清 人",566
998,"Xu Dezhen","許 德 禎"," 江 蘇 興 化 人",565
999,"Xu Dingxu","許 定 需"," 江 蘇 長 洲 人",560
1000,"Xu Ermian","徐 爾 勉"," 江 蘇 江 都 人",479
1001,"Xu Fan","徐 範"," 浙 江 嘉 興 人",145
1002,"Xu Fan","許 蕃"," 浙 江 海 寧 人",567
1003,"Xu Fangxiao","許 芳 曉"," 貴 州 貴 筑 人",560
1004,"Xu Feiyun","許 飛 雲"," 江 蘇 吳 縣 人",561
1005,"Xu Fengxiao","許 鳳 簫"," 安 徽 宿 松 人",565
1006,"Xu Fuquan","許 馥 荃"," 福 建 長 樂 人",568
1007,"Xu Fuzhi","許 福 祉"," 福 建 閩 縣 人",564
1008,"Xu Gu","徐 榖"," 浙 江 德 清 人",479
1009,"Xu Heng","許 蘅"," 福 建 福 州 人",570
1010,"Xu Hengbo","徐 橫 杷"," 江 蘇 上 元 人",479
1011,"Xu Henghe","徐 恆 和"," 浙 江 海 鹽 人",473
1012,"Xu Hua","徐 華"," 安 徽 南 陵 人",476
1013,"Xu Huacun","許 華 存"," 安 徽 懷 慶 人",563
1014,"Xu Huanghou","徐 皇 后"," 濠 人",138
1015,"Xu Huanzhu","許 還 珠"," 福 建 候 官 人",567
1016,"Xu Huazhi","徐 華 芝"," 江 蘇 吳 縣 人",476
1017,"Xu Huiyin","徐 慧 因"," 安 徽 霍 丘 人",479
1018,"Xu Huizhen","徐 蕙 貞"," 浙 江 石 門 人",480
1019,"Xu Jian","徐 簡"," 浙 江 嘉 興 人",482
1020,"Xu Jian","徐 蕑"," 江 蘇 陽 湖 人",480
1021,"Xu Jiayi","許 嘉 儀"," 江 蘇 華 亭 人",564
1022,"Xu Jilan","許 季 蘭"," 福 建 候 官 人",560
1023,"Xu Jin","徐 錦"," 浙 江 秀 水 人",480
1024,"Xu Jingan","徐 靜 安"," 浙 江 烏 程 人",480
1025,"Xu Jingfan","許 景 樊"," 朝 鮮 人",165
1026,"Xu Jinghong","徐 驚 鴻"," 金 陵 妓",147
1027,"Xu Jinglan","許 景 蘭"," 朝 鮮 人",563
1028,"Xu Jingqing","許 靜 卿"," 陝 西 延 安 人",567
1029,"Xu Jingyuan","徐 靜 媛"," 江 蘇 常 熟 人",481
1030,"Xu Jiu","徐 玖"," 江 蘇 吳 江 人",472
1031,"Xu Lan","許 蘭"," 江 蘇 常 熟 人",570
1032,"Xu Lanchu","徐 蘭 初"," 江 蘇 元 和 人",482
1033,"Xu Lanqing","徐 蘭 清"," 江 蘇 松 陵 人",482
1034,"Xu Ma","許 麻"," 江 蘇 吳 縣 人",570
1035,"Xu Maohui","徐 懋 蕙"," 江 蘇 華 亭 人",481
1036,"Xu Mei","許 眉"," 廣 西 人",560
1037,"Xu Menglan","徐 夢 蘭"," 江 蘇 昆 山 人",478
1038,"Xu Mengxian","徐 孟 賢"," 浙 江 烏 程 人",472
1039,"Xu Mengxian","許 孟 嫻"," 江 蘇 婁 東 人",559
1040,"Xu Nanpin","徐 南 蘋"," 安 徽 歙 縣 人",474
1041,"Xu Pingzhi","徐 平 之"," 廣 西 桂 林 人",471
1042,"Xu Qi","許 祁"," 浙 江 錢 塘 人",560
1043,"Xu Qibao","徐 小 寶"," 安 徽 歙 縣 人",470
1044,"Xu Qinghua","徐 清 華"," 江 蘇 無 錫 人",475
1045,"Xu Qiongsi","許 瓊 思"," 江 蘇 吳 江 黎 里 人",568
1046,"Xu Qishi","許 綺 詩"," 浙 江 海 寧 人",564
1047,"Xu Quan","許 權"," 江 西 九 江 人",570
1048,"Xu Renya","徐 人 雅"," 浙 江 海 鹽 人",470
1049,"Xu Rouzhi","徐 柔 之"," 江 蘇 昆 山 人",474
1050,"Xu Ruhui","徐 如 蕙"," 湖 北 漢 陽 人",472
1051,"Xu Ruiyun","許 瑞 雲"," 江 蘇 金 山 人",563
1052,"Xu shi","徐 氏","",56
1053,"Xu shi","徐 氏 （ 印 鴻 玉 妻 ）"," 浙 江 海 鹽 人",483
1054,"Xu shi","徐 氏 （ 耿 鳴 世 妻 ）"," 長 山 人",147
1055,"Xu shi","徐 氏 （ 董 承 勳 妻 ）"," 浙 江 石 門 人",483
1056,"Xu shi","徐 氏 （ 紀 沂 春 妻 ）"," 浙 江 烏 程 人",483
1057,"Xu shi","徐 氏 （ 馮 愿 妻 ）"," 江 蘇 昆 山 人",483
1058,"Xu shi","徐 氏 （ 鄒 萃 榮 妻 ）"," 江 蘇 武 進 人",483
1059,"Xu shi","徐 氏 （ 陳 嗜 卿 妻 ）"," 浙 江 嘉 興 人",483
1060,"Xu shi","徐 氏 （  秦  振 才 妻 ）"," 江 蘇 常 州 人",483
1061,"Xu shi","徐 氏 （  封 文 棣 妻  ）"," 江 蘇 婁 縣 寂 澤 人",483
1062,"Xu shi","許 氏","",60
1063,"Xu shi","許 氏 （ 王 孫 芳 妻 ）"," 江 蘇 常 熟 人",570
1064,"Xu shi","許 氏 （ 陳 義 繼 妻 ）"," 浙 江 蕭 山 人",570
1065,"Xu shi","許 氏 〔 袁 子 洙 凄 ）","",570
1066,"Xu Shu","徐 舒"," 江 蘇 常 州 人",477
1067,"Xu Shu","徐 淑","",2
1068,"Xu Shu","徐 淑 （ 景 淑 ）"," 江 蘇 吳 縣 人",474
1069,"Xu Shu","徐 淑 （ 慈 岩 ）"," 江 蘇 吳 縣 人",474
1070,"Xu Shuan","徐 淑 安"," 浙 江 嘉 興 人",475
1071,"Xu Shuhui","許 淑 慧"," 江 蘇 青 浦 人",562
1072,"Xu Shuxiu","徐 淑 秀"," 丁 娘 ， 建 安 人",475
1073,"Xu Shuxiu","徐 淑 秀 （ 昭 陽 遺 子 ）","",475
1074,"Xu Shuying","徐 淑 英"," 福 建 莆 田 人",142
1075,"Xu Shuze","徐 淑 則"," 浙 江 錢 塘 人",474
1076,"Xu Shuzhen","徐 淑 貞"," 山 東 人",475
1077,"Xu Shuzhen","許 淑 真"," 貴 州 金 筑 人",563
1078,"Xu Sizheng","許 嗣 徵"," 江 西 宜 黃 人",563
1079,"Xu Songzhu","許 誦 珠"," 浙 江 海 寧 人",564
1080,"Xu Tong","許 桐"," 浙 江 山 陰 人",562
1081,"Xu Wan","徐 婉"," 安 徽 南 陵 人",476
1082,"Xu Wanxiang","徐 畹 香"," 江 蘇 吳 縣 人",476
1083,"Xu Wanzhi","徐 畹 芝"," 江 蘇 江 陰 人",476
1084,"Xu Wenfan","徐 文 璠"," 廣 東 人",471
1085,"Xu Wenlin","徐 文 琳"," 江 蘇 吳 縣 人",471
1086,"Xu Wenwan","許 文 婉","",558
1087,"Xu Wenzhi","徐 文 止"," 江 蘇 吳 縣 人",470
1088,"Xu Xian","徐 賢"," 江 蘇 奉 賢 人",480
1089,"Xu Xianan","徐 咸 安"," 浙 江 桐 鄉 人",473
1090,"Xu Xiang","徐 湘"," 江 蘇 吳 縣 人",477
1091,"Xu Xiangshi","徐 湘 士"," 浙 江 吳 興 人",477
1092,"Xu Xiaoji","徐 小 季","",1
1093,"Xu Xiaoluo","徐 小 螺"," 江 蘇 吳 江 黎 里 人",470
1094,"Xu Xiaoyun","許 小 蘊"," 廣 東 番 禺 人",557
1095,"Xu Xishen","許 禧 身"," 浙 江 錢 塘 人",567
1096,"Xu Xiufang","徐 秀 芳"," 江 蘇 吳 江 黎 里 人",472
1097,"Xu Xiulin","徐 秀 林"," 江 蘇 興 化 人",472
1098,"Xu Xiuzhen","許 秀 貞"," 貴 州 金 筑 人",560
1099,"Xu Xizhen","徐 熙 珍"," 浙 江 海 寧 人",479
1100,"Xu Xuan","徐 璇"," 江 蘇 陽 湖 人",479
1101,"Xu Xuewei","徐 學 衛"," 浙 江 會 稽 人",480
1102,"Xu Xuewei","許 學 衛"," 浙 江 錢 塘 人",566
1103,"Xu Xueyun","許 學 蘊"," 浙 江 錢 塘 人",566
1104,"Xu Yanjin","許 延 錦"," 浙 江 錢 塘 人",560
1105,"Xu Yanreng","許 延 礽"," 浙 江 仁 和 人",560
1106,"Xu Yanzhen","許 燕 珍"," 安 徽 合 肥 人",566
1107,"Xu Yao","徐 瑤"," 江 蘇 常 熟 人",478
1108,"Xu Yaoguang","徐 瑤 光"," 江 蘇 江 陰 人",478
1109,"Xu Yasheng","徐 雅 笙"," 福 建 閩 縣 人",477
1110,"Xu Yeying","徐 葉 英"," 廣 東 南 海 人",471
1111,"Xu Yezhao","徐 葉 昭"," 浙 江 烏 程 人",478
1112,"Xu Yifen","徐 宜 芬"," 浙 江 海 鹽 人",472
1113,"Xu Yiming","徐 一 鳴"," 浙 江 德 清 人",470
1114,"Xu Ying","徐 瑩"," 浙 江 海 寧 人",479
1115,"Xu Ying","徐 應"," 江 蘇 吳 江 人",481
1116,"Xu Ying","徐 瀛"," 江 蘇 吳 江 人",482
1117,"Xu Ying","許 英"," 梅 村 錢 塘 人",560
1118,"Xu Ying","許 英 （ 趙 偉 枚 妻 ）"," 浙 江 錢 塘 人",560
1119,"Xu Yingkun","徐 應 坤"," 江 蘇 同 皋 人",481
1120,"Xu Yingyu","徐 映 玉"," 江 蘇 昆 山 人",478
1121,"Xu Yuan","徐 媛"," 長 洲 人",142
1122,"Xu Yuan","許 淵"," 浙 江 海 寧 人",563
1123,"Xu Yuan","徐 源"," 浙 江 嘉 興 人",477
1124,"Xu Yuanchun","許 元 淳"," 浙 江 仁 和 人",558
1125,"Xu Yuanduan","徐 元 端"," 江 蘇 揚 州 人",470
1126,"Xu Yuanjie","許 元 潔"," 浙 江 仁 和 人",558
1127,"Xu Yuchen","許 玉 晨"," 江 蘇 華 亭 人",558
1128,"Xu Yufen","許 玉 芬"," 浙 江 海 寧 人",558
1129,"Xu Yufeng","徐 玉 娑"," 浙 江 慈 谿 人",471
1130,"Xu Yujun","許 玉 筠"," 江 蘇 昆 山 人",558
1131,"Xu Yunhui","許 韞 輝"," 江 蘇 常 熟 人",569
1132,"Xu Yunlan","許 韻 蘭"," 浙 江 海 昌 人",569
1133,"Xu Yuqin","徐 玉 琴"," 江 蘇 昆 山 人",471
1134,"Xu Yuru","徐 玉 如"," 江 蘇 昆 山 人",471
1135,"Xu Yuxin","徐 裕 馨"," 浙 江 錢 塘 人",476
1136,"Xu Yuyin","徐 玉 湮"," 江 蘇 武 進 人",471
1137,"Xu Zaipu","許 在 璞"," 江 蘇 常 熟 人",559
1138,"Xu Zao","許 藻"," 浙 江 海 寧 人",569
1139,"Xu Zhaohua","徐 昭 華"," 浙 江 上 虞 人",473
1140,"Xu Zhen","徐 貞"," 浙 江 平 湖 人",474
1141,"Xu Zhenyi","徐 貞 宜","",474
1142,"Xu Zhi","徐 芷"," 浙 江 烏 程 人",477
1143,"Xu Zhiwen","許 之 文"," 浙 江 錢 塘 人",558
1144,"Xu Zhonghuang","徐 仲 簧"," 江 蘇 南 匯 人",472
1145,"Xu Zhongyi","許 仲 儀"," 安 徽 廬 州 人",558
1146,"Xu Zhu","許 珠"," 江 蘇 吳 江 人",562
1147,"Xue Fuyuan","薛 福 媛"," 江 蘇 常 州 人",770
1148,"Xue Juan","薛 娟"," 江 蘇 荊 溪 人",769
1149,"Xue Lanying  (Xue Huiying)","薛 蘭 英 （ 薛 蕙 英 )","",78
1150,"Xue Qiong","薛 瓊"," 江 蘇 無 錫 人",770
1151,"Xue Qiongqiong","薛 瓊 瓊"," 湖 南 人",204
1152,"Xue Shaohui","薛 紹 徽"," 福 建 候 官 人",769
1153,"Xue Su","薛 素"," 吳 郡 人",203
1154,"Xue Tao","薛 濤","",33
1155,"Xue Xuan","薛 璇","",770
1156,"Xue Zaowen","薛 藻 文"," 西 安 人",770
1157,"Xuelan","雪 蘭"," 浙 江 人",825
1158,"Xueping Nushi","雪 平 女 士"," 甘 肅 蘭 州 人",825
1159,"Yan Chenghua","嚴 澂 華"," 浙 江 桐 鄉 人",794
1160,"Yan Dian","嚴 鈿"," 浙 江 桐 鄉 人",794
1161,"Yan Fuping","嚴 賦 萍"," 浙 江 桐 鄉 人",794
1162,"Yan Heng","嚴 蘅"," 浙 江 仁 和 人",795
1163,"Yan Huaixiong","嚴 懷 熊"," 浙 江 餘 杭 人",795
1164,"Yan Jueying","嚴 玨 英"," 江 蘇 元 和 人",793
1165,"Yan Liu","顏 鉚"," 山 東 武 城 人",787
1166,"Yan Peifang","顏 佩 芳"," 浙 江 桐 鄉 人",787
1167,"Yan Qiongqiong","嚴 瓊 瓊"," 江 蘇 昆 山 人",795
1168,"Yan Renlan","顏 紉 蘭"," 廣 東 連 平 人",787
1169,"Yan Ruihua","嚴 瑞 華"," 雲 南 人",794
1170,"Yan Ruizhu","嚴 蕊 珠"," 江 蘇 元 和 人",794
1171,"Yan Shanshan","嚴 珊 珊"," 江 蘇 無 錫 人",793
1172,"Yan Sheng","嚴 乘"," 江 蘇 長 洲 人",793
1173,"Yan shi","言 氏","",120
1174,"Yan shi","顏 氏"," 恤 緯 老 人  山 東 曲 阜 人",787
1175,"Yan shi","嚴 氏 （ 與 芸 暉 妻 ）"," 安 徽 含 山 人",796
1176,"Yan shi","嚴 氏 （ 候 伊 秉 妻 ）"," 江 蘇 無 錫 人",796
1177,"Yan Shouci","嚴 壽 慈"," 浙 江 桐 鄉 人",794
1178,"Yan Songxuan","嚴 頌 萱"," 浙 江 桐 鄉 人",794
1179,"Yan Tanyun","嚴 曇 雲"," 江 蘇 常 熟 人",795
1180,"Yan Tiao","嚴 迢"," 雲 南 宜 良 人",793
1181,"Yan Wansi","顏 畹 思"," 浙 江 桐 鄉 人",787
1182,"Yan Wen","嚴 文"," 浙 江 烏 程 人",792
1183,"Yan Xingzheng","嚴 杏 徵"," 浙 江 桐 鄉 人",793
1184,"Yan Xinzhen","宴 訢 真","",484
1185,"Yan Yonghua","嚴 永 華"," 浙 江 桐 鄉 人",792
1186,"Yan Yueyao","嚴 月 瑤","",792
1187,"Yan Zengzhu","嚴 曾 杼"," 浙 江 仁 和 人",793
1188,"Yan Zhaohua","嚴 昭 華"," 浙 江 桐 鄉 人",793
1189,"Yan Zhen","嚴 鍼"," 浙 江 桐 鄉 人",795
1190,"Yan Zhongzhen","言 忠 貞"," 江 蘇 常 熟 人",374
1191,"Yang Che","楊 徹"," 吳 縣 人",185
1192,"Yang Cuichou","楊 翠 疇"," 江 蘇 甘 泉 人",677
1193,"Yang Cun","楊 存"," 浙 江 鄞 縣 人",672
1194,"Yang Fang","楊 舫"," 江 西 湖 口 人",674
1195,"Yang Fang","楊 芳"," 江 蘇 青 浦 人",185
1196,"Yang Fen","楊 芬"," 江 蘇 長 洲 人",672
1197,"Yang Fengshu","楊 鳳 姝"," 江 蘇 吳 縣 人",677
1198,"Yang Fengxiang","楊 鳳 祥"," 江 蘇 無 錫 人",677
1199,"Yang Gui","楊 珪","",63
1200,"Yang Hanhui","楊 含 輝"," 江 蘇 武 進 人",671
1201,"Yang Hualiu","楊 華 留"," 江 蘇 松 江 人",676
1202,"Yang Huiqing","楊 蕙 卿"," 浙 江 嘉 興 人",678
1203,"Yang Ji","楊 吉","",63
1204,"Yang Jiangzi","楊 絳 子"," 浙 江 嘉 興 人",676
1205,"Yang Jiduan","楊 繼 端"," 四 川 遂 寧 人",679
1206,"Yang Jinhua","楊 瑾 華"," 江 蘇 陽 湖 人",677
1207,"Yang Kegong","楊 克 恭"," 江 蘇 江 都 人",671
1208,"Yang Keshun","楊 克 順"," 江 蘇 江 都 人",672
1209,"Yang Lianshi","楊 蓮 士"," 福 建 人",678
1210,"Yang Lianzhi","楊 璉 之"," 貴 州 鎮 遠 人",677
1211,"Yang Meigao","楊 渼 皋"," 福 建 連 城 人",675
1212,"Yang Qianzhen","楊 謙 珍"," 湖 北 漢 陽 人",678
1213,"Yang Qingcai","楊 清 材"," 浙 江 歸 安 人",675
1214,"Yang Qingzhen","楊 慶 珍"," 浙 江 嘉 興 人",677
1215,"Yang Qionghua","楊 瓊 華"," 漢 軍 人",678
1216,"Yang Qiuhui","楊 秋 輝"," 江 蘇 無 錫 人",673
1217,"Yang Quanyin","楊 全 蔭"," 江 蘇 常 熟 人",671
1218,"Yang Ruizhen","楊 瑞 貞"," 江 蘇 金 山 人",676
1219,"Yang Shanshan","楊 珊 珊"," 浙 江 山 陰 人",673
1220,"Yang Shenhui","楊 慎 徽"," 山 東 膠 州 人",676
1221,"Yang shi","楊 氏","",31
1222,"Yang shi","楊 氏","",32
1223,"Yang shi","楊 氏 （ 湯 荀 業 妻 ）"," 江 蘇 武 進 人",680
1224,"Yang shi","楊 氏 （ 曹 有 光 妻 ）"," 浙 江 海 寧 人",680
1225,"Yang shi","楊 氏 （ 俞 文 輝 妻 ）"," 浙 江 錢 塘 人",679
1226,"Yang shi","楊 氏 （ 王 靜 岩 妻 ）"," 江 蘇 江 都 人",680
1227,"Yang shi","楊 氏 （ 周 文 杲 妻 ）"," 江 蘇 嘉 定 人",680
1228,"Yang shi","楊 氏 （ 劉 墨 池 妻 ）","",680
1229,"Yang shi","楊 氏 （ 談 寶 鴻 妻 ）"," 江 蘇 清 河 人",680
1230,"Yang shi","楊 氏 （ 莊 新 渠 妻 ）"," 江 蘇 武 進 人",680
1231,"Yang shi","楊 氏 （ 羅 世 振 妻 ）"," 湖 南 新 化 人",679
1232,"Yang shi","楊 氏 （ 油 常 妹 ）","",680
1233,"Yang Shoufan","楊 守 範"," 浙 江 海 寧 人",671
1234,"Yang Shoujian","楊 守 儉"," 浙 江 海 寧 人",671
1235,"Yang Shouxian","楊 守 嫻"," 浙 江 海 寧 人",671
1236,"Yang Shouyu","楊 守 愚"," 浙 江 海 寧 人",671
1237,"Yang Shufeng","楊 淑 鳳"," 湖 南 長 沙 人",675
1238,"Yang Shuhui","楊 書 蕙"," 湖 南 長 沙 人",673
1239,"Yang Shulan","楊 書 蘭"," 湖 南 長 沙 人",673
1240,"Yang Shuying","楊 淑 英"," 江 蘇 嘉 定 人",675
1241,"Yang Shuzhen","楊 淑 貞"," 四 川 金 堂 人",675
1242,"Yang Suhua","楊 素 華"," 浙 江 秀 水 人",674
1243,"Yang Sushu","楊 素 書"," 號 種 竹 人",674
1244,"Yang Sushu","楊 素 書"," 韻 芬 錢 塘 人",674
1245,"Yang Suying","楊 素 英"," 浙 江 秀 水 人",674
1246,"Yang Suzhong","楊 素 中"," 浙 江 秀 水 人",674
1247,"Yang Taihou","楊 太 后","",61
1248,"Yang Tiansun","楊 天 孫"," 江 蘇 吳 縣 人",670
1249,"Yang Wan","楊 宛"," 長 干 妓",183
1250,"Yang Wan","楊 琬"," 江 蘇 金 匱 人",676
1251,"Yang Wanchai","楊 畹 釵"," 江 蘇 寶 山 人",677
1252,"Yang Wenlan","楊 文 蘭"," 浙 江 秀 水 楊 溪 人",670
1253,"Yang Wenli","楊 文 儷"," 任 和 人",183
1254,"Yang Wenxie","楊 文 偕"," 江 蘇 江 陰 人",670
1255,"Yang Xingxing","楊 富 富"," 江 西 德 化 人",675
1256,"Yang Xingzhou","楊 荇 洲"," 湖 南 長 沙 人",674
1257,"Yang Xiu","楊 琇"," 浙 江 錢 塘 人",676
1258,"Yang Xiuzhu","楊 秀 珠"," 福 建 閩 縣 人",672
1259,"Yang Xuanhua","楊 璿 華"," 江 蘇 陽 湖 人",678
1260,"Yang Yan","楊 琰","",185
1261,"Yang Yulian","楊 玉 蓮"," 陝 西 涇 陽 人",670
1262,"Yang Yun","楊 芸"," 江 蘇 金 匱 人",672
1263,"Yang Yunhui","楊 蘊 輝"," 江 蘇 金 匱 人",678
1264,"Yang Yuniang","楊 玉 娘"," 福 建 建 寧 人",670
1265,"Yang Yunlan","楊 員 蘭"," 江 西 清 江 杭 溪 人",679
1266,"Yang Yuxiang","楊 雨 香"," 漢 軍 人",673
1267,"Yang Zao","楊 藻"," 江 蘇 無 錫 人",679
1268,"Yang Zhaohong","楊 照 虹"," 江 蘇 常 熟 人",676
1269,"Yang Zhenshu","楊 貞 淑"," 江 蘇 毘 陵 人",673
1270,"Yang Zhi","楊 芝"," 江 蘇 長 洲 人",672
1271,"Yang Zhiwen","楊 志 溫"," 江 蘇 無 錫 人",672
1272,"Yangyizhai Nushi","鄱 易 齋 女 史","  滿 州 人",818
1273,"Yanzha shi","顏 札 氏"," 滿 州 人",818
1274,"Yao Biqin","姚 碧 琴"," 燕 人",420
1275,"Yao Chuying","姚 楚 英"," 江 蘇 南 匯 人",420
1276,"Yao Daru","姚 大 儒"," 浙 江 桐 鄉 人",416
1277,"Yao Deyao","姚 德 耀"," 安 徽 桐 城 人",421
1278,"Yao Duan","姚 端"," 浙 江 德 清 人",420
1279,"Yao Fengqiao","姚 鳳 翹"," 安 徽 桐 城 人",421
1280,"Yao Fengyi","姚 鳳 儀"," 安 徽 桐 城 人",421
1281,"Yao Fuqing","姚 芙 卿"," 安 徽 桐 城 人",418
1282,"Yao Guixin","姚 桂 心"," 江 蘇 金 山 人",418
1283,"Yao Hongchai","姚 鴻 釵"," 江 蘇 常 熟 人",422
1284,"Yao Honghui","姚 鴻 慧"," 江 蘇 常 熟 人",422
1285,"Yao Hongqian","姚 鴻 倩"," 江 蘇 常 熟 人",422
1286,"Yao Hongyu","姚 鴻 玉"," 江 蘇 常 熟 人",422
1287,"Yao Jingfen","姚 靜 芬"," 安 徽 歙 縣 人",421
1288,"Yao Jingxian","姚 靜 嫻"," 江 蘇 華 亭 人",422
1289,"Yao Jingzhen","姚 景 貞","",420
1290,"Yao Lingze","姚 令 則"," 浙 江 仁 和 人",417
1291,"Yao Moxian","姚 墨 仙"," 江 蘇 金 山 人",421
1292,"Yao Qinghua","姚 卿 華"," 安 徽 桐 城 人",418
1293,"Yao Qiqing","姚 其 慶"," 江 蘇 南 匯 人",417
1294,"Yao Qishen","姚 其 慎"," 江 蘇 南 匯 人",417
1295,"Yao Qixia","姚 棲 霞"," 江 蘇 吳 江 人",419
1296,"Yao Qixia","藥 綺 霞"," 安 徽 桐 城 人",421
1297,"Yao Rui","姚 汭"," 江 蘇 吳 江 人",417
1298,"Yao Ruoheng","姚 若 蘅"," 安 徽 桐 城 人",418
1299,"Yao shaoe","姚 少 娥"," 秀 州 人",132
1300,"Yao shi","姚 氏 （ 張 英 妻 ）"," 安 徽 桐 城 人",423
1301,"Yao shi","姚 氏 （ 王 紱 妻 ）"," 太 倉 人",132
1302,"Yao shi","姚 氏 （ 李 睿 通 妻 ）"," 直 隸 高 陽 人",423
1303,"Yao shi","姚 氏 （ 顧 某 泣 ）"," 浙 江 桐 鄉 人",423
1304,"Yao shi","姚 氏 （ 馬 方 思 妻 ）"," 安 徽 桐 城 人",422
1305,"Yao Shijian","姚 世 鑑"," 浙 江 歸 安 人",417
1306,"Yao Shu","姚 淑"," 江 蘇 江 寧 人",419
1307,"Yao Su","姚 素"," 安 徽 桐 城 人",418
1308,"Yao Sugui","姚 素 珪"," 江 蘇 常 熟 人",419
1309,"Yao Suyu","姚 素 玉"," 漢 軍 正 白 旗 人",419
1310,"Yao Wan","姚 宛"," 安 徽 桐 城 人",418
1311,"Yao Wanzhen","姚 畹 真"," 江 蘇 海 虞 人",420
1312,"Yao Wenyu","姚 文 玉"," 浙 江 仁 和 人",416
1313,"Yao Xialing","姚 霞 齡"," 浙 江 錢 塘 人",422
1314,"Yao Xianxia","姚 僊 霞"," 浙 江 秀 水 人",420
1315,"Yao Yaoqin","姚 瑤 琴"," 直 隸 邯 鄲 人",420
1316,"Yao Yijing","姚 益 敬"," 浙 江 烏 程 人",419
1317,"Yao Yilin","姚 益 麟"," 浙 江 烏 程 人",419
1318,"Yao Yizhuang","姚 儀 莊"," 江 蘇 吳 江 人",421
1319,"Yao Yundi","姚 允 迪"," 江 蘇 金 山 人",416
1320,"Yao Yunqing","姚 雲 卿"," 江 蘇 吳 縣 人",420
1321,"Yao Yuzhi","姚 玉 芝"," 浙 江 錢 塘 人",417
1322,"Ye Bao","葉 包"," 江 蘇 蘇 州 人",683
1323,"Ye Bihua","葉 璧 華"," 廣 東 嘉 應 人",687
1324,"Ye Chen","葉 辰"," 江 蘇 吳 縣 人",683
1325,"Ye Danyi","葉 澹 宜"," 浙 江 仁 和 人",687
1326,"Ye Ding","葉 定"," 浙 江 秀 水 人",684
1327,"Ye Fang","葉 舫"," 江 蘇 吳 縣 人",685
1328,"Ye Fen","葉 枌"," 江 蘇 昆 山 人",685
1329,"Ye Fengwei","葉 鳳 威"," 江 蘇 嘉 定 人",686
1330,"Ye Fuzhen","葉 福 貞"," 四 川 成 都 人",686
1331,"Ye Fuzhi","葉 福 芝"," 浙 江 歸 安 若 溪 人",685
1332,"Ye Hanxian","葉 翰 仙"," 浙 江 仁 和 人",687
1333,"Ye Hongxiang","葉 宏 緗"," 江 蘇 昆 山 人",684
1334,"Ye Huiguang","葉 慧 光"," 江 蘇 南 匯 人",686
1335,"Ye Huixin","葉 蕙 心"," 江 蘇 甘 泉 人",686
1336,"Ye Huizhu","葉 慧 珠"," 浙 江 臨 海 人",686
1337,"Ye Jingke","葉 靜 付"," 河 南 項 城 人",687
1338,"Ye Jingyi","葉 靜 宜"," 浙 江 仁 和 人",687
1339,"Ye Jinzhi","葉 金 支"," 江 蘇 南 匯 人",684
1340,"Ye Juan","葉 娟"," 浙 江 錢 塘 人",685
1341,"Ye Junjie","葉 俊 傑"," 湖 北 江 夏 人",684
1342,"Ye Langu","葉 蘭 谷"," 江 蘇 昆 山 人",687
1343,"Ye Lanzhen","葉 蘭 貞"," 浙 江 蕭 山 人",687
1344,"Ye Lingyi","葉 令 儀"," 浙 江 歸 安 人",683
1345,"Ye Shaolian","葉 少 蓮"," 浙 江 慈 谿 人",683
1346,"Ye shi","葉 氏 （ 葛 葉 仲 妻 ）"," 江 蘇 昆 山 人",688
1347,"Ye shi","葉 氏 （ 張 源 洪 妻 ）"," 江 蘇 吳 江 人",688
1348,"Ye shi","葉 氏 （ 趙 贊 元 妻 ）"," 浙 江 錢 塘 人",688
1349,"Ye shi","葉 氏 （ 王 爽 妻 ）"," 福 清 人",188
1350,"Ye Shishun","葉 世 順"," 江 蘇 嘉 定 人",683
1351,"Ye Suniang","葉 素 孃"," 浙 江 臨 海 人",685
1352,"Ye Wanfang","葉 畹 芳"," 江 蘇 長 洲 人",686
1353,"Ye Wanwan","葉 紈 紈"," 吳 江 人",187
1354,"Ye Wanxi","葉 宛 西"," 浙 江 仁 和 人",684
1355,"Ye Wenlan","葉 文 蘭"," 江 蘇 長 洲 人",683
1356,"Ye Xiaoluan","葉 小 鸞"," 吳 江 人",186
1357,"Ye Xiaowan","葉 小 紈"," 吳 江 人",186
1358,"Ye Xing","葉 星 （ 福 建 妓 ）","",684
1359,"Ye Ying","葉 英"," 江 蘇 松 江 人",685
1360,"Ye Yuanqin","葉 元 琴"," 安 徽 懷 寧 人",683
1361,"Ye Yuhua","葉 矞 華"," 江 蘇 吳 江 人",687
1362,"Ye Yuyu","葉 魚 魚"," 江 蘇 南 匯 人",685
1363,"Yelu Changge","耶 律 常 哥","",68
1364,"Yi Benyu","易 本 瑜"," 湖 北 京 山 人",394
1365,"Yi Fan","易 蘩"," 湖 南 湘 鄉 人",394
1366,"Yi Lainiang","易 睞 娘 （ 松 陵 舜 水 鎮 ）","",130
1367,"Yi shi","易 氏  （ 朱 疇 妻 ）"," 新 會 橋 頭 鄉 人",131
1368,"Yi Ying","易 瑩"," 湖 南 長 沙 人",394
1369,"Yin Bailan","印 白 蘭"," 江 蘇 嘉 定 人",273
1370,"Yin Bingji","殷 秉 璣"," 江 蘇 常 熟 人",484
1371,"Yin Churong","尹 初 榮"," 廣 東 東 菀 人",221
1372,"Yin Dehui","殷 德 徽"," 安 徽 歙 縣 人",485
1373,"Yin Lianxian","尹 蓮 仙"," 廣 東 東 菀 人",221
1374,"Yin Luangu","尹 鸞 姑"," 浙 江 歸 安 人",221
1375,"Yin Qionghua","尹 瓊 華"," 江 蘇 吳 縣 人",221
1376,"Yin Renrong","尹 紉 榮"," 四 川 宜 賓 人",79
1377,"Yin Rulin","殷 如 琳"," 江 蘇 江 寧 人",484
1378,"Yin shi","殷 氏"," 江 都 人",485
1379,"Yin Wujin","殷 鋙 金"," 浙 江 臨 安 人",485
1380,"Yin Xiangying","殷 湘 英"," 江 蘇 常 熟 人",485
1381,"Yin Yuelou","殷 月 樓"," 江 蘇 丹 徒 人",484
1382,"Yin Yuzhen","殷 玉 貞"," 江 蘇 吳 縣 人",484
1383,"Yin Zuofang","尹 作 芳"," 湖 南 湘 潭 人",221
1384,"Ying Rui","英 瑞","",445
1385,"Ying Shiwan","應 世 婉"," 浙 江 仁 和 人",765
1386,"Ying Xueyun","應 學 韞"," 浙 江 仁 和 人",765
1387,"Yingchuan","瑩 川","  滿 州 人",818
1388,"Yinyue","印 月 （ 黃 氏 ）"," 浙 江 餘 姚 人",820
1389,"Yonglan","詠 蘭"," 湖 南 湘 州 人",825
1390,"You Yu","游 瑜"," 江 西 臨 川 人",638
1391,"You Zhanxian","尤 詹 僊"," 江 蘇 長 洲 人",221
1392,"Yu Chenghe","俞 承 禾"," 江 蘇 常 熟 人",413
1393,"Yu Defen","虞 德 芬"," 江 蘇 金 壇 人",692
1394,"Yu Dexiu","俞 德 秀"," 浙 江 德 清 人",414
1395,"Yu Fuyi","俞 富 儀"," 安 徽 婺 源 人",414
1396,"Yu Gui","俞 桂"," 浙 江 仁 和 人",413
1397,"Yu Guiyun","喻 桂 雲"," 貴 州 銅 仁 人",625
1398,"Yu Huaizhu","于 淮 珠"," 山 東 濟 寧 人",216
1399,"Yu Huining","俞 惠 寧"," 浙 江 海 寧 人",414
1400,"Yu Jing","俞 璥"," 浙 江 錢 塘 人",415
1401,"Yu Jingfang","虞 淨 芳"," 錢 塘 人",188
1402,"Yu Jingqiu","俞 鏡 秋"," 浙 江 山 陰 人",414
1403,"Yu Jingzhen","俞 靜 貞"," 仙 霞 上 虞 人",414
1404,"Yu Jingzhen","俞 靜 貞"," 蘭 卿 江 陰 人",414
1405,"Yu Jun","俞 浚"," 浙 江 仁 和 人",413
1406,"Yu Meiyin","俞 梅 吟"," 浙 江 海 寧 人",413
1407,"Yu Qinghe","俞 慶 和"," 江 蘇 太 倉 人",415
1408,"Yu Qinghui","俞 慶 會"," 浙 江 德 清 人",415
1409,"Yu Qiongfang","虞 瓊 芳"," 廣 東 連 山 人",692
1410,"Yu Qizhang","于 啟 璋"," 浙 江 嘉 興 人",216
1411,"Yu Ran","喻 橪"," 江 西 吉 水 人",625
1412,"Yu shi","虞 氏 （ 張 鼎 妻 ）"," 江 蘇 金 壇 人",692
1413,"Yu shi","虞 氏 （ 徐 賡 元 妻 ）"," 浙 江 橋 李 人",693
1414,"Yu shi","俞 氏 （ 俞 光 鎬 妻 ）"," 直 隸 大 名 人",416
1415,"Yu shi","余 氏 （ 江 芑 妻 ）"," 湖 北 漢 陽 人",296
1416,"Yu shi","余 氏 （ 周 維 銅 妻 ）"," 浙 江 諸 暨 人",296
1417,"Yu shi","禹 氏"," 湖 北 鞏 縣 人",416
1418,"Yu shi","預 氏","",64
1419,"Yu shi","于 氏 （  張 鏞 妻  ）"," 直 隸 滄 州 人",217
1420,"Yu shi","于 氏 （  孔 憲 培 妻  ）"," 江 蘇 金 壇 人",217
1421,"Yu Shufan","俞 樹 蘩"," 江 蘇 常 熟 人",414
1422,"Yu Shufang","俞 淑 芳"," 浙 江 遂 安 人",413
1423,"Yu Shufang","余 淑 芳"," 浙 江 遂 安 人",296
1424,"Yu Shujun","于 淑 均"," 直 隸 滄 州 人",216
1425,"Yu Shuzhen","俞 淑 貞"," 江 蘇 嘉 定 人",413
1426,"Yu Sujuan","俞 素 娟"," 浙 江 烏 程 人",413
1427,"Yu Xianling","于 仙 齡"," 山 東 榮 成 人",216
1428,"Yu Xiaoxia","于 曉 霞"," 江 蘇 金 沙 人",216
1429,"Yu Xifen","余 希 芬"," 江 蘇 昆 山 人",295
1430,"Yu Xingchun","余 性 淳"," 漢 軍 人",296
1431,"Yu Xingzhen","俞 杏 貞"," 江 蘇 金 匱 人",412
1432,"Yu Xiuru","于 修 儒"," 鐵 嶺 人",216
1433,"Yu Xiusun","俞 繡 孫"," 浙 江 德 清 人",415
1434,"Yu Xiying","余 希 嬰"," 江 蘇 昆 山 人",295
1435,"Yu Xuanji","魚 玄 機","",30
1436,"Yu Yefan","虞 葉 蘩"," 江 蘇 金 壇 人",692
1437,"Yu Yi","于 懿"," 江 蘇 金 壇 人",217
1438,"Yu Ying","俞 瑛"," 江 蘇 青 浦 人",414
1439,"Yu Youlan","虞 友 蘭"," 江 蘇 金 壇 人",692
1440,"Yu Yuan","虞 嫄"," 武 原 人",188
1441,"Yu Yueqing","于 月 卿"," 江 蘇 金 壇 人",215
1442,"Yu Yunxin","余 雲 馨"," 廣 東 石 城 人",296
1443,"Yu Yunyu","俞 韞 玉"," 浙 江 海 寧 人",415
1444,"Yu Yuxin","余 玉 馨"," 白 藤 人",100
1445,"Yu Zhaoshu","虞 兆 淑"," 浙 江 海 鹽 人",692
1446,"Yu Zheng","郁 徵 （ 郁 貞 ）"," 浙 江 平 湖 人",449
1447,"Yu Zunyu","余 尊 玉"," 福 建 玉 田 人",296
1448,"Yuan Congxue","袁 聰 雪"," 浙 江 天 台 人",494
1449,"Yuan Exian","袁 萼 仙"," 江 蘇 元 和 人",492
1450,"Yuan Hanhuang","袁 寒 篁"," 江 蘇 婁 縣 人",492
1451,"Yuan Hechai","袁 鶴 儕"," 廣 西 桂 林 人",494
1452,"Yuan Hua","袁 華"," 浙 江 錢 塘 人",491
1453,"Yuan Huilun","袁 慧 倫"," 江 蘇 通 州 人",493
1454,"Yuan Ji","袁 機"," 浙 江 仁 和 人",494
1455,"Yuan Jia","袁 嘉"," 浙 江 錢 塘 人",492
1456,"Yuan Jie","袁 潔"," 江 蘇 嘉 定 人",493
1457,"Yuan Jingrong","袁 鏡 蓉"," 江 蘇 華 亭 人",494
1458,"Yuan Jiushu","袁 九 淑"," 通 州 人",150
1459,"Yuan Kun","袁 坤"," 浙 江 錢 塘 人",490
1460,"Yuan Liansi","袁 蓮 似"," 六 橋 名 妓",493
1461,"Yuan Lin","員 琳"," 廣 陵 人",457
1462,"Yuan Qian","袁 倩"," 江 蘇 長 洲 人",491
1463,"Yuan Qing","袁 青"," 浙 江 錢 塘 人",490
1464,"Yuan Qingfeng","袁 清 鳳"," 江 蘇 吳 江 人",492
1465,"Yuan Qiuhua","袁 秋 華"," 浙 江 諸 暨 江 東 人",491
1466,"Yuan shi","袁 氏 （ 谷 暄 妻 ）"," 雲 南 趙 州 人",494
1467,"Yuan shi","袁 氏 （ 李 君 選 妻 ）"," 廣 東 東 莞 人",494
1468,"Yuan Shou","袁 綬"," 浙 江 錢 塘 人",493
1469,"Yuan Shu","袁 淑"," 浙 江 錢 塘 人",491
1470,"Yuan Shufang","袁 淑 芳"," 江 蘇 吳 江 黎 里 人",492
1471,"Yuan Shujuan","袁 淑 娟"," 江 蘇 婁 縣 人",492
1472,"Yuan Tang","袁 棠"," 浙 江 仁 和 人",492
1473,"Yuan Tongfang","袁 彤 芳"," 吳 縣 人",151
1474,"Yuan Xiangpei","袁 湘 佩","",492
1475,"Yuan Xixie","袁 希 謝"," 江 蘇 吳 江 人",489
1476,"Yuan Yan","元 嚴","",70
1477,"Yuan Yiren","元 宜 人"," 直 隸 靜 海 人",218
1478,"Yuan Yuqing","袁 毓 卿"," 江 蘇 陽 湖 人",493
1479,"Yuan Zhenzi","袁 貞 資"," 福 建 古 田 人",491
1480,"Yuan Zhu","袁 杼"," 浙 江 仁 和 人",490
1481,"Yubai","玉 拜"," 直 隸 大 興 人",823
1482,"Yucen","玉 岑","",824
1483,"Yue Qingtu","岳 慶 圖"," 江 蘇 武 貂 人",394
1484,"Yue Xiange","岳 湘 娥"," 浙 江 西 安 人",394
1485,"Yuling","毓 靈"," 滿 州 人",818
1486,"Yun Bing","惲 冰"," 江 蘇 陽 湖 人",630
1487,"Yun shi","惲 氏 （ 吳 維 伯 妻 ）"," 江 蘇 武 進 人",636
1488,"Yun Youhui","惲 幼 暉"," 江 蘇 陽 湖 人",630
1489,"Yun Yuanjian","惲 元  箴"," 江 蘇 陽 湖 人",630
1490,"Yun Yuliu","惲 毓 留"," 江 蘇 陽 湖 人",636
1491,"Yun Yuxiang","惲 毓 湘"," 江 蘇 陽 湖 人",636
1492,"Yun Zhu","惲 珠"," 江 蘇 陽 湖 人",630
1493,"Yushu","玉 書"," 江 蘇 江 都 人",824
1494,"Zaisheng","再 生 （ 姚 媯 俞 ）"," 江 蘇 長 洲 人",820
1495,"Zeng Chusheng","曾 楚 生"," 江 蘇 常 熟 人",637
1496,"Zeng Fangxing","曾 芳 型"," 四 川 成 都 人",636
1497,"Zeng Honglian","曾 宏 蓮","",343
1498,"Zeng Jingxiang","曾 靜 香"," 四 川 綿 竹 人",637
1499,"Zeng Jiyao","曾 紀 耀"," 湖 南 湘 鄉 人",636
1500,"Zeng Luanzhi","曾 鸞 芷"," 四 川 華 陽 人",638
1501,"Zeng Ruzhuan","曾 如 僎"," 湖 南 武 岡 人",636
1502,"Zeng shi","曾 氏 （ 羅 章 佑 妻 ）"," 湖 南 邵 陽 人",638
1503,"Zeng shi","曾 氏 （ 邵 弼 勳 妻 ）"," 福 建 人",638
1504,"Zeng Sulian","曾 素 蓮"," 湖 北 人",637
1505,"Zeng Xiaoying","曾 小 英"," 江 蘇 常 熟 人",636
1506,"Zeng Yan","曾 彥"," 四 川 華 陽 人",636
1507,"Zeng Yi","曾 懿"," 四 川 華 陽 人",637
1508,"Zha Changyuan","查 昌 鵷"," 浙 江 海 寧 人",426
1509,"Zha Huifang","查 蕙 芳"," 浙 江 海 寧 人",429
1510,"Zha Qing","查 清"," 安 徽 青 陽 人",428
1511,"Zha Qiwen","查 綺 文"," 直 隸 天 津 人",428
1512,"Zha Quan","查 荃"," 浙 江 嘉 興 人",427
1513,"Zha Rongduan","查 容 端"," 直 隸 天 津 人",428
1514,"Zha Ruishu","查 瑞 抒"," 浙 江 海 寧 人",428
1515,"Zha Ruojun","查 若 筠"," 浙 江 海 寧 人",427
1516,"Zha Shi","查 氏 （ 錢 庭 柯 妻 ）"," 浙 江 嘉 善 人",429
1517,"Zha Shiying","查 士 英"," 安 徽 休 寧 人",426
1518,"Zha Shushun","查 淑 順"," 浙 江 海 寧 人",428
1519,"Zha Tiaofeng","查 調 鳳"," 直 隸 天 津 人",428
1520,"Zha Xi","查 惜"," 浙 江 海 寧 人",428
1521,"Zha Yaoxi","查 瑤 溪"," 廣 西 桂 林 人",428
1522,"Zha Yingyu","查 映 玉"," 浙 江 海 寧 人",427
1523,"Zhan Cheng","詹 城"," 浙 江 分 水 人",693
1524,"Zhan Ruizhi","詹 瑞 芝"," 浙 江 嚴 州 人",693
1525,"Zhang Aiyun","張 藹 雲"," 浙 江 長 興 人",532
1526,"Zhang Aizhi","張 愛 芝"," 安 徽 桐 城 人",524
1527,"Zhang An","張 安"," 浙 江 烏 程 人",512
1528,"Zhang Ang","張 昂"," 浙 江 錢 塘 人",515
1529,"Zhang Aqian","張 阿 錢"," 直 隸 河 間 人",516
1530,"Zhang Baohui","張 寶 慧"," 四 川 宜 賓 人",532
1531,"Zhang Baoyun","張 寶 雲"," 廣 東 香 山 人",532
1532,"Zhang Baozhi","張 保 祉"," 浙 江 海 鹽 人",516
1533,"Zhang Buxuan","張 步 萱"," 浙 江 海 鹽 人",514
1534,"Zhang Caizhi","張 采 芷"," 江 蘇 丹 徒 人",515
1535,"Zhang Can","張 粲"," 江 蘇 金 陵 人",524
1536,"Zhang Ceying","張 冊 英"," 江 蘇 陽 湖 人",521
1537,"Zhang Changxi","張 常 熹"," 浙 江 嘉 興 人",519
1538,"Zhang Chengfan","張 承 範"," 安 徽 桐 城 人",514
1539,"Zhang Chonggui","張 崇 桂"," 江 蘇 華 亭 人",520
1540,"Zhang Chuan","張 傳"," 江 蘇 婁 縣 人",523
1541,"Zhang Daoheng","張 道 恒","",524
1542,"Zhang Daojie","張 道 介"," 江 蘇 長 洲 人",524
1543,"Zhang Dehui","張 德 蕙"," 浙 江 山 陰 人",527
1544,"Zhang Derui","張 德 瑞"," 江 蘇 人",527
1545,"Zhang Dezhu","張 德 珠"," 江 蘇 人",527
1546,"Zhang Enyong","張 恩 詠"," 湖 南 善 化 人",518
1547,"Zhang Eryun","章 二 雲"," 浙 江 臨 海 人",549
1548,"Zhang Fan","張 蘩"," 江 蘇 吳 縣 人",532
1549,"Zhang Fen","張 芬"," 誦 先 番 禺 人",516
1550,"Zhang Fen","張 芬"," 紫 蘩 吳 縣 人",516
1551,"Zhang Fen","張 芬"," 舒 華 海 寧 人",516
1552,"Zhang Feng","張 鳳"," 浙 江 平 湖 人",526
1553,"Zhang Fenghui","張 鳳 慧"," 浙 江 永 嘉 人",527
1554,"Zhang Foxiu","張 佛 繡"," 江 蘇 青 浦 人",513
1555,"Zhang Guifen","張 桂 芬"," 浙 江 仁 和 人",518
1556,"Zhang Guiwen","張 閨 文"," 江 蘇 丹 徒 人",525
1557,"Zhang Hanlan","張 含 蘭"," 廣 西 臨 桂 人",512
1558,"Zhang Hao","張 昊"," 浙 江 錢 塘 人",514
1559,"Zhang Hongqiao","張 紅 橋"," 福 建 閩 縣 人",160
1560,"Zhang Hongqiu","張 鴻 逑"," 浙 江 慈 谿 人",531
1561,"Zhang Hongwu","張 鴻 廡"," 安 徽 當 塗 人",531
1562,"Zhang Hui","張 慧"," 江 蘇 上 元 人",527
1563,"Zhang Huijuan","張 慧 娟"," 江 蘇 華 亭 人",527
1564,"Zhang Huiqing","張 慧 卿"," 江 蘇 揚 州 人",527
1565,"Zhang Ji","章 吉"," 浙 江 烏 程 人",550
1566,"Zhang Jian","張 鑑"," 江 蘇 長 州 人",533
1567,"Zhang Jie","張 介"," 江 蘇 婁 縣 人",505
1568,"Zhang Jifeng","張 集 鳳"," 江 蘇 江 都 人",522
1569,"Zhang Jin","張 瑾"," 江 蘇 婁 縣 人",528
1570,"Zhang Jing","張 靜"," 江 蘇 華 亭 人",529
1571,"Zhang Jing","章 靜"," 秋 浦 人",551
1572,"Zhang Jingrong","張 鏡 蓉"," 浙 江 海 鹽 人",532
1573,"Zhang Jingwan","張 靜 紈"," 江 蘇 太 倉 人",530
1574,"Zhang Jiuzi","張 九 滋"," 湖 南 湘 潭 人",505
1575,"Zhang Jizhen","張 寂 真"," 山 東 膠 州 人",520
1576,"Zhang Jun","張 筠"," 直 隸 天 津 人",524
1577,"Zhang Lan","張 蘭"," 四 川 合 川 人",533
1578,"Zhang Lanqing","張 蘭 清"," 廣 東 南 海 人",533
1579,"Zhang Lanzhen","章 蘭 貞"," 浙 江 海 寧 人",552
1580,"Zhang Lianfang","張 蓮 芳"," 江 蘇 長 洲 人",528
1581,"Zhang Lin","張 琳"," 山 東 濱 州 人",522
1582,"Zhang Lin","張 箖"," 直 隸 南 皮 人",525
1583,"Zhang Ling","張 靈"," 江 蘇 銅 山 人",533
1584,"Zhang Lingyi","張 令 儀"," 安 徽 桐 城 人",508
1585,"Zhang Liqing","張 儷 青"," 浙 江 桐 鄉 人",532
1586,"Zhang Lunying","張 綸 英"," 江 蘇 陽 湖 人",525
1587,"Zhang Menglian","張 夢 蓮"," 浙 江 湖 州 人",526
1588,"Zhang Menglong","張 夢 龍"," 湖 南 湘 陰 人",526
1589,"Zhang Miaojing","張 妙 淨","",71
1590,"Zhang Peilan","張 佩 蘭"," 蕊 仙 餘 干 人",513
1591,"Zhang Peilan","張 佩 蘭"," 五 河 人",513
1592,"Zhang Peilan","張 佩 蘭"," 紉 芳 全 椒 人",513
1593,"Zhang Peilan","張 佩 蘭"," 畹 香 吳 江 人",513
1594,"Zhang Pin","張 蘋"," 江 蘇 武 進 人",533
1595,"Zhang Qian","張 倩"," 京 口 人",519
1596,"Zhang Qiao","張 喬"," 廣 州 人",158
1597,"Zhang Qingsong","張 慶 松"," 江 蘇 上 海 人",527
1598,"Zhang Qingyang","張 清 揚"," 福 建 候 官 人",520
1599,"Zhang Qinshu","張 勤 淑 （ 寂 淑 貞 ）"," 四 川 遂 寧 人",523
1600,"Zhang Qiongniang","張 瓊 娘"," 江 蘇 武 進 人",531
1601,"Zhang Qiongying","章 瓊 瑛"," 廣 西 西 林 人",450
1602,"Zhang Renji","張 仁 霽"," 直 隸 南 皮 人",506
1603,"Zhang Renlan","張 紉 蘭"," 江 蘇 丹 徒 人",517
1604,"Zhang Renzhun","張 仁 準"," 直 隸 南 皮 人",506
1605,"Zhang Ruiqing","張 瑞 清"," 浙 江 錢 塘 人",524
1606,"Zhang Ruiyu","張 瑞 玉"," 湖 南 武 岡 人",524
1607,"Zhang Ruizhi","張 瑞 芝"," 安 徽 桐 城 人",524
1608,"Zhang Ruoxian","張 若 嫻"," 安 徽 桐 城 人",517
1609,"Zhang Ruyu","張 如 玉"," 金 陵 人",158
1610,"Zhang Ruyu","張 如 玉"," 福 建 浦 城 人",511
1611,"Zhang Shanghui","張 上 慧"," 江 蘇 嘉 定 人",505
1612,"Zhang Shangyu","張 尚 玉"," 安 徽 歙 縣 人",514
1613,"Zhang Shengxiu","張 聲 琇"," 湖 南 湘 潭 人",531
1614,"Zhang shi","張 氏"," 鄴 縣 人",535
1615,"Zhang shi","張 氏 （ 趙 光 璵 妻 ）"," 浙 江 永 嘉 人",534
1616,"Zhang shi","張 氏 （ 齊 寶 妻 ）"," 河 南 襄 城 人",534
1617,"Zhang shi","張 氏 （ 王 同 沂 妻 ）"," 安 徽 和 州 人",535
1618,"Zhang shi","張 氏 （ 田 緒 宗 妻 ）"," 山 東 德 州 人",533
1619,"Zhang shi","張 氏 （ 吳 式 昭 妻  ）"," 安 徽 桐 城 人",534
1620,"Zhang shi","張 氏 （ 吳 茂 椿 妻 ）"," 直 隸 南 皮 人",533
1621,"Zhang shi","張 氏 （ 李 銘 禮 妻 ）"," 江 蘇 睢 寧 人",535
1622,"Zhang shi","張 氏 （ 宋 起 鳳 妻 ）"," 直 隸 滄 州 人",534
1623,"Zhang shi","張 氏 （ 楊 某 妻 ）"," 江 西 黎 川 人",534
1624,"Zhang shi","張 氏 （ 潘 維 城 妻 ）"," 山 東 冠 縣 人",535
1625,"Zhang shi","張 氏 （ 蔡 董 妻 ）"," 安 徽 桐 城 人",535
1626,"Zhang shi","張 氏 （ 諸 遠 妻 ）"," 江 西 鉛 山 人",535
1627,"Zhang shi","張 氏 （ 陸 獻 妻 ）"," 浙 江 海 寧 人",534
1628,"Zhang shi","張 氏"," 灒 江 人",534
1629,"Zhang shi","張 氏 （  楊 豫 孫 妻 ）"," 松 江 人",160
1630,"Zhang Shi","章 氏 （ 陳 匯 妻 ）"," 安 徽 銅 陵 人",552
1631,"Zhang Shizhu","章 士 珠"," 江 蘇 婁 縣 人",549
1632,"Zhang Shu","張 淑"," 靜 和 長 洲 人",520
1633,"Zhang Shu","張 淑"," 若 蘭 嘉 興 人",520
1634,"Zhang Shu","張 淑"," 關 仲 懷 寧 人",520
1635,"Zhang Shulian","張 淑 蓮"," 浙 江 上 虞 人",520
1636,"Zhang Shuying","張 淑 瑛","",158
1637,"Zhang Shuyuan","張 淑 媛"," 安 徽 桐 城 人",520
1638,"Zhang Shuyun","章 淑 雲"," 福 建 同 安 人",551
1639,"Zhang Shuzhi","張 淑 芷"," 山 東 濱 州 人",520
1640,"Zhang Sixie","張 嗣 謝"," 安 徽 桐 城 人",523
1641,"Zhang Siyi","張 姒 誼"," 安 徽 桐 城 人",511
1642,"Zhang Siyin","張 姒 音"," 浙 江 仁 和 人",512
1643,"Zhang Su","張 素 （ 侶 仙 ）"," 江 蘇 吳 縣 人",519
1644,"Zhang Su","張 素 （ 瑞 芳 ）"," 江 蘇 吳 縣 人",519
1645,"Zhang Tiesheng","張 鐵 生"," 廣 東 香 山 人",533
1646,"Zhang Tun","張 屯"," 江 蘇 婁 縣 人",506
1647,"Zhang Wan","張 婉"," 容 甫 嘉 定 人",521
1648,"Zhang Wan","張 婉"," 婉 仙 雲 間 人",521
1649,"Zhang Wan","張 婉"," 錦 梭 吳 縣 人",521
1650,"Zhang Wan","張 畹"," 吳 江 人",526
1651,"Zhang Wan","張 畹"," 宛 田 海 寧 人",526
1652,"Zhang Wanjiang","張 浣 江"," 江 蘇 吳 縣 人",519
1653,"Zhang Wanxian","張 婉 仙"," 安 徽 婺 源 人",522
1654,"Zhang Wanyi","章 婉 儀"," 江 蘇 無 錫 人",551
1655,"Zhang Wanying","張 紈 英"," 江 蘇 陽 湖 人",517
1656,"Zhang Wanying","張 畹 瑛"," 浙 江 秀 水 人",526
1657,"Zhang Wei","張 維"," 浙 江 海 寧 人",526
1658,"Zhang Wei","張 煒"," 浙 江 錢 塘 人",525
1659,"Zhang Xiang","張 襄"," 安 徽 蒙 城 人",530
1660,"Zhang Xiangjun","張 湘 筠"," 江 蘇 江 寧 人",522
1661,"Zhang Xiangyue","張 湘 月"," 安 徽 桐 城 人",522
1662,"Zhang Xianqian","張 嫻 倩"," 六 安 人",160
1663,"Zhang Xiaozhen","章 孝 貞"," 江 蘇 江 寧 人",550
1664,"Zhang Xichun","張 熙 春"," 安 徽 桐 城 人",528
1665,"Zhang Xiling","張 錫 齡"," 直 隸 磁 州 人",530
1666,"Zhang Xinwei","張 心 薇"," 江 蘇 丹 徒 人",506
1667,"Zhang Xiu","張 秀"," 湖 廣 人",515
1668,"Zhang Xiuduan","張 秀 端"," 廣 東 番 禺 人",515
1669,"Zhang Xiuyun","張 繡 雲"," 浙 江 歸 安 人",531
1670,"Zhang Xiuzhu","張 繡 珠"," 江 蘇 長 州 人",531
1671,"Zhang Xiying","張 習 英"," 江 蘇 陽 湖 人",530
1672,"Zhang Xizhu","張 喜 珠"," 湖 北 黃 岡 人",522
1673,"Zhang Xuanxiao","張 絢 霄"," 江 蘇 吳 縣 人",522
1674,"Zhang Xuedian","張 學 典"," 山 西 太 原 人",529
1675,"Zhang Xuelu","張 學 魯"," 山 西 太 原 人",528
1676,"Zhang Xuesheng","張 學 聖"," 山 西 太 原 人",529
1677,"Zhang Xuexian","張 學 賢"," 山 西 太 原 人",529
1678,"Zhang Xuexiang","張 學 象"," 山 西 太 原 人",529
1679,"Zhang Xueya","張 學 雅"," 山 西 太 原 人",528
1680,"Zhang Xueyi","張 學 儀"," 山 西 太 原 人",529
1681,"Zhang Yaoying","張 瑤 瑛"," 浙 江 仁 和 人",525
1682,"Zhang Yayi","張 雅 宜"," 江 蘇 無 錫 人",523
1683,"Zhang Yi","張 漪"," 河 南 祥 符 人",525
1684,"Zhang Yin","張 因"," 江 蘇 甘 泉 人",511
1685,"Zhang Yin","張 印"," 陝 西 潼 關 人",509
1686,"Zhang Ying","張 瑩"," 安 徽 桐 城 人",528
1687,"Zhang Yingdi","張 潁 第"," 浙 江 湖 州 人",529
1688,"Zhang Yinqing","張 引 慶"," 華 亭 人",157
1689,"Zhang Yinyuan","張 引 元"," 華 亭 人",157
1690,"Zhang Yiren","張 以 紉"," 江 蘇 吳 江 人",507
1691,"Zhang Yiyong","張 宜 雝"," 安 徽 桐 城 人",514
1692,"Zhang Yiyu","張 貽 鷸"," 江 蘇 泰 州 人",523
1693,"Zhang Yizao","張 逸 藻"," 江 蘇 江 陰 人",521
1694,"Zhang Yizhen","章 懿 貞"," 廣 西 永 福 人",450
1695,"Zhang You","張 槱"," 江 蘇 華 亭 人",528
1696,"Zhang Youhong","章 有 泓"," 江 蘇 華 亭 人",550
1697,"Zhang Youshu","張 友 書","",507
1698,"Zhang Youwei","章 有 渭"," 江 蘇 華 亭 人",550
1699,"Zhang Youxian","章 有 嫻"," 江 蘇 華 亭 人",550
1700,"Zhang Youxiang","章 有 湘"," 華 亭 人",165
1701,"Zhang Yu","張 雨"," 山 東 章 丘 人",516
1702,"Zhang Yuanmo","張 元 默"," 江 蘇 常 熟 人",506
1703,"Zhang Yuanshu","張 元 淑"," 直 隸 豐 潤 人",506
1704,"Zhang Yuefen","張 月 芬"," 江 蘇 青 浦 人",507
1705,"Zhang Yuegui","張 月 桂","",507
1706,"Zhang Yuepin","張 約 蘋"," 江 蘇 江 寧 人",518
1707,"Zhang Yun","張 雲"," 浙 江 秀 水 人",523
1708,"Zhang Yun","張 蘊"," 江 蘇 長 州 人",531
1709,"Zhang Yun","張 芸"," 江 蘇 昆 山 人",515
1710,"Zhang Yun","張 韞"," 湖 北 廣 濟 人",532
1711,"Zhang Yunfang","張 芸 芳"," 安 徽 婺 源 人",515
1712,"Zhang Yuniang","張 玉 孃","",57
1713,"Zhang Yunqing","章 韻 清"," 浙 江 平 湖 人",551
1714,"Zhang Yunyu","章 韻 玉"," 浙 江 平 湖 人",551
1715,"Zhang Yunzi","張 允 滋"," 江 蘇 嘉 定 人",508
1716,"Zhang Yuqing","張 玉 清"," 湖 南 醴 陵 楓 樹 塘 人",511
1717,"Zhang Yuru","張 玉 汝"," 浙 江 諸 暨 人",509
1718,"Zhang Yuxian","張 玉 嫻"," 浙 江 佟 鄉 人",511
1719,"Zhang Yuyin","章 芋 因"," 福 建 龍 岩 人",550
1720,"Zhang Yuyu","章 雨 玉"," 江 蘇 揚 州 人",550
1721,"Zhang Yuzhao","章 玉 照"," 安 徽 人",549
1722,"Zhang Yuzhen","張 玉 珍"," 江 蘇 華 亭 人",509
1723,"Zhang Yuzhen","張 玉 貞"," 直 隸 天 津 人",510
1724,"Zhang Yuzhen","張 瑜 珍"," 安 徽 宿 松 人",524
1725,"Zhang Yuzhi","張 玉 芝"," 安 徽 桐 城 人",524
1726,"Zhang Zaizhen","張 在 貞"," 江 蘇 太 倉 人",511
1727,"Zhang Zao","張 藻"," 江 蘇 長 州 人",532
1728,"Zhang Zhanxiang","張 瞻 湘"," 江 蘇 太 倉 人",531
1729,"Zhang Zhao","張 昭"," 江 蘇 婁 縣 人",516
1730,"Zhang Zhaogu","張 昭 姑"," 湖 南 長 沙 人",517
1731,"Zhang Zhaogui","張 兆 桂"," 江 蘇 吳 縣 人",512
1732,"Zhang Zhaojin","張 兆 金"," 江 蘇 吳 縣 人",512
1733,"Zhang Zhaosun","張 召 蓀"," 浙 江 平 湖 人",518
1734,"Zhang Zhen","張 貞"," 浙 江 海 鹽 人",518
1735,"Zhang Zhenfan","張 貞 範"," 直 隸 滄 州 人",518
1736,"Zhang Zhenghui","章 政 徽"," 江 蘇 江 陰 人",551
1737,"Zhang Zhenlan","張 貞 蘭"," 廣 西 桂 林 人",518
1738,"Zhang Zhifang","張 芝 芳"," 江 蘇 常 熟 人",512
1739,"Zhang Zhiting","張 芝 庭"," 江 蘇 吳 縣 人",513
1740,"Zhang Zhixin","張 芷 馨"," 江 蘇 滁 州 人",523
1741,"Zhang Zhiyang","張 智 揚"," 浙 江 海 寧 人",522
1742,"Zhang Zhizhen","張 芷 貞"," 安 徽 歙 縣 人",523
1743,"Zhang Zhizhen","張 芷 貞"," 浙 江 錢 塘 人",515
1744,"Zhang Zhongsu","張 仲 肅"," 四 川 華 陽 人",511
1745,"Zhang Zongmeng","張 宗 孟"," 江 蘇 吳 縣 人",514
1746,"Zhang Zushou","張 祖 綬","",519
1747,"Zhao Bin","趙 邠"," 浙 江 仁 和 人",704
1748,"Zhao Bingqing","趙 秉 清"," 江 蘇 常 熟 人",705
1749,"Zhao Caiji","趙 彩 姬 （  金 陵 妓 ）","",191
1750,"Zhao Chengguang","趙 承 光"," 浙 江 錢 塘 人",705
1751,"Zhao Chuanzao","趙 傳 藻"," 江 蘇 吳 縣 人",708
1752,"Zhao Chunbi","趙 純 碧"," 江 蘇 武 進 人",705
1753,"Zhao Chunyan","趙 春 燕"," 江 蘇 江 都 人",705
1754,"Zhao Ci","趙 慈"," 山 東 益 都 人",708
1755,"Zhao Dezhen","趙 德 珍"," 浙 江 德 清 人",709
1756,"Zhao Fen","趙 棻"," 江 蘇 上 海 人",707
1757,"Zhao Feng","趙 鳳"," 江 蘇 鎮 江 人",709
1758,"Zhao Guie","趙 貴 珴"," 江 蘇 常 熟 人",707
1759,"Zhao Hongyu","趙 葒 玉"," 江 蘇 丹 徒 人",708
1760,"Zhao Huan","趙 環"," 安 徽 涇 縣 人",709
1761,"Zhao Jiabi","趙 家 璧"," 江 蘇 上 元 人",705
1762,"Zhao Jianxia","趙 箋 霞"," 江 蘇 廣 陵 人",708
1763,"Zhao Jingshu","趙 景 淑"," 安 徽 合 肥 人",706
1764,"Zhao Jingzhen","趙 靜 貞"," 江 蘇 丹 徒 人",709
1765,"Zhao Jinying","趙 錦 英"," 貴 州 貴 陽 人",709
1766,"Zhao Luzhen","趙 錄 縝"," 山 東 安 丘 人",709
1767,"Zhao Mingxia","趙 明 霞"," 甘 肅 哈 密 廳 人",705
1768,"Zhao Mu","趙 母","",6
1769,"Zhao Peixiang","趙 佩 湘"," 江 蘇 常 州 人",704
1770,"Zhao Qi","趙 琪"," 江 蘇 常 熟 人",707
1771,"Zhao Qiongqing","趙 瓊 卿"," 浙 江 歸 安 人",709
1772,"Zhao Qiupu","趙 秋 浦"," 浙 江 錢 塘 人",705
1773,"Zhao Saitao","趙 賽 濤"," 杭 人",192
1774,"Zhao shi","趙 氏 （ 寂 敏 隨 妻 ）"," 江 蘇 溧 陽 人",710
1775,"Zhao shi","趙 氏 （ 吳 瓚 妻 ）","",192
1776,"Zhao shi","趙 氏 （ 李 鴻 文 妻 ）","",710
1777,"Zhao shi","趙 氏 （ 杜 某 妻 ）"," 無 錫 人",192
1778,"Zhao shi","趙 氏 （ 業 贊 元 妻 ）"," 浙 江 錢 塘 人",710
1779,"Zhao shi","趙 氏 （ 劉 調 宇 妻 ）"," 山 西 洪 洞 人",710
1780,"Zhao shi","趙 氏 （ 佟 瑛 妻 ）"," 順 天 宛 平 人",710
1781,"Zhao shi","招 氏 （ 李 鶴 祥 妻 ）"," 廣 東 茂 名 人",394
1782,"Zhao shu","趙 淑"," 浙 江 錢 塘 人",706
1783,"Zhao Tang","趙 棠","",707
1784,"Zhao Tongyao","趙 同 曜"," 江 蘇 常 熟 人",704
1785,"Zhao Wanchuan","趙 婉 川"," 浙 江 寧 海 人",706
1786,"Zhao Wanlan","趙 畹 蘭","",708
1787,"Zhao Wanyang","趙 婉 揚"," 江 蘇 上 海 人",706
1788,"Zhao Wopei","趙 我 佩"," 浙 江 仁 和 人",704
1789,"Zhao Xiangqing","趙 湘 卿"," 浙 江 吳 興 人",707
1790,"Zhao Xiaoying","趙 孝 英"," 湖 南 龍 陽 人",704
1791,"Zhao Xiezi","趙 偕 孜"," 江 蘇 陽 湖 人",706
1792,"Zhao Xigu","趙 西 姑"," 直 隸 天 津 人",704
1793,"Zhao Xiqiong","趙 細 瓊"," 江 蘇 武 進 人",706
1794,"Zhao Xizhu","趙 喜 珠","",75
1795,"Zhao Xuehong","趙 雪 鴻"," 浙 江 錢 塘 人",706
1796,"Zhao Yanquan","趙 彥 荃"," 安 徽 合 肥 人",705
1797,"Zhao Yanxiang","趙 硯 香"," 浙 江 吳 興 人",708
1798,"Zhao Yiben","趙 一 本"," 浙 江 錢 塘 人",703
1799,"Zhao Yihe","趙 宜 鶴"," 廣 西 桂 林 人",704
1800,"Zhao Yizhan","趙 一 旃"," 浙 江 錢 塘 人",703
1801,"Zhao Youlan","趙 友 蘭"," 江 蘇 無 錫 人",703
1802,"Zhao Yuchai","趙 玉 釵"," 福 建 候 官 人",703
1803,"Zhao Yulou","趙 玉 樓"," 錢 江 人",703
1804,"Zhao Yunhua","趙 韻 花"," 浙 江 黃 岩 人",710
1805,"Zhao Yunqing","趙 雲 卿"," 江 蘇 銅 山 人",708
1806,"Zhao Yunqing","趙 韻 卿"," 江 蘇 蘭 陵 人",710
1807,"Zhaojia shi","兆 佳 氏"," 滿 州 人",814
1808,"Zheng Biyun","鄭 碧 雲"," 江 蘇 常 州 人",742
1809,"Zheng Fen","鄭 芬"," 安 徽 歙 縣 人",739
1810,"Zheng Hanzhuan","鄭 翰 篿"," 福 建 建 安 人",743
1811,"Zheng Hui","鄭 蕙"," 浙 江 永 嘉 人",743
1812,"Zheng Huirou","鄭 徽 柔"," 福 建 建 安 人",743
1813,"Zheng Hunbing","鄭 渾 冰"," 福 建 閩 縣 人",741
1814,"Zheng Jine","鄭 瑾 娥"," 安 徽 涇 縣 人",742
1815,"Zheng Jinglan","鄭 鏡 蘭"," 浙 江 秀 水 人",743
1816,"Zheng Jingrong","鄭 鏡 蓉"," 福 建 晉 安 人",743
1817,"Zheng Jinluan","鄭 金 鑾"," 福 建 晉 安 人",739
1818,"Zheng Lansun","鄭 蘭 孫"," 浙 江 錢 江 人",744
1819,"Zheng Peiheng","鄭 佩 珩"," 浙 江 仁 和 人",739
1820,"Zheng Peiming","鄭 佩 明"," 廣 東 香 山 人",739
1821,"Zheng Qingpin","鄭 青 蘋"," 福 建 晉 安 人",739
1822,"Zheng Qingying","鄭 慶 英"," 浙 江 歸 安 人",742
1823,"Zheng Qiqing","鄭 齊 卿"," 福 建 閩 縣 人",742
1824,"Zheng Shan","鄭 珊"," 廣 東 恩 平 人",739
1825,"Zheng Shao","鄭 韶"," 浙 江 海 寧 人",742
1826,"Zheng shi","鄭 氏","",32
1827,"Zheng shi","鄭 氏","",200
1828,"Zheng shi","鄭 氏 （ 孫 岱 妻 ）"," 直 隸 豐 潤 人",744
1829,"Zheng shi","鄭 氏 （ 陳 淑 聖 妻 ）"," 安 徽 太 平 人",745
1830,"Zheng shi","鄭 氏 （  樊 景 烈 聘 妻  ）"," 湖 南 寧 遠 人",745
1831,"Zheng Shu","鄭 淑"," 直 隸 豐 潤 人",740
1832,"Zheng Shujuan","鄭 淑 娟"," 福 建 候 官 人",740
1833,"Zheng Shuzhao","鄭 淑 昭"," 貴 州 遵 義 人",741
1834,"Zheng Shuzhi","鄭 淑 止"," 福 建 建 安 人",740
1835,"Zheng Siyin","鄭 嗣 音"," 福 建 長 樂 人",741
1836,"Zheng Tuo","鄭 妥"," 金 陵 妓",199
1837,"Zheng Wuying","鄭 吾 英"," 浙 江 湖 州 雙 林 人",740
1838,"Zheng Xin","鄭 辛"," 浙 江 秀 水 人",739
1839,"Zheng YaoPu","鄭 瑤 圃"," 福 建 閩 縣 人",742
1840,"Zheng Yelu","鄭 業 琭"," 湖 南 長 沙 人",741
1841,"Zheng Yihe","鄭 以 和"," 浙 江 桐 鄉 人",738
1842,"Zheng Ying","鄭 瑛"," 江 蘇 青 浦 人",742
1843,"Zheng Yingxian","鄭 瀛 仙"," 福 建 福 州 人",744
1844,"Zheng Yixiang","鄭 宜 香"," 江 蘇 昭 文 人",739
1845,"Zheng Yongxie","鄭 詠 謝"," 福 建 人",741
1846,"Zheng Yuanzhao","鄭 元 昭"," 福 建 候 官 人",738
1847,"Zheng Yulian","鄭 毓 蓮"," 浙 江 錢 塘 人",742
1848,"Zheng Yunduan","鄭 允 端","",75
1849,"Zheng Yunyin","鄭 雲 蔭"," 福 建 晉 安 人",741
1850,"Zheng Zhende","鄭 貞 德"," 廣 東 香 山 人",739
1851,"Zheng Zhenhua","鄭 貞 華"," 浙 江 烏 程 人",740
1852,"Zheng Zhongmei","鄭 鐘 美"," 安 徽 歙 縣 人",744
1853,"Zhi shi","支 氏 （  陸 鳴 球 妻  ）"," 江 蘇 昆 山 人",222
1854,"Zhi shi","支 氏 （  陸 瀛 儒 妻  ）"," 江 蘇 昆 山 人",222
1855,"Zhong Lianqing","仲 蓮 慶"," 江 蘇 泰 州 人",271
1856,"Zhong Lingjia","鍾 令 嘉"," 江 西 餘 干 人",777
1857,"Zhong Qing","鍾 青"," 浙 江 仁 和 人",777
1858,"Zhong Shengzao","朱 盛 藻"," 黃 州 人",98
1859,"Zhong Tingyan","鍾 廷 彥"," 浙 江 人",777
1860,"Zhong Wenshu","鍾 文 淑"," 安 徽 舒 城 人",776
1861,"Zhong Wenzhen","鍾 文 貞"," 安 徽 舒 城 人",776
1862,"Zhong Yan","鍾 琰","",11
1863,"Zhong Yiluan","仲 貽 鑾"," 江 蘇 泰 州 人",270
1864,"Zhong Yun","鍾 筠"," 浙 江 仁 和 人",777
1865,"Zhong Yun","鍾 韞"," 浙 江 仁 和 人",777
1866,"Zhong Yunluan","仲 雲 鸞"," 寶 應 人",93
1867,"Zhong Zhenxuan","仲 振 宣"," 江 蘇 泰 州 人",270
1868,"Zhong Zhenyi","仲 振 宜"," 江 蘇 泰 州 人",270
1869,"Zhou Baihui","周 白 蕙"," 江 蘇 吳 縣 人",377
1870,"Zhou Baochai","周 寶 釵"," 浙 江 象 山 人",386
1871,"Zhou Baosheng","周 寶 生"," 江 蘇 蘇 州 人",386
1872,"Zhou Baoxian","周 寶 嫻"," 江 蘇 海 門 人",386
1873,"Zhou Changxiu","周 常 琇"," 直 隸 天 津 人",380
1874,"Zhou Chen","周 琛"," 湖 南 桂 陽 人",381
1875,"Zhou Chuanjing","周 傳 鏡"," 湖 南 長 沙 人",382
1876,"Zhou Dengwang","周 登 望"," 浙 江 錢 塘 人",381
1877,"Zhou Derong","周 德 容"," 安 徽 天 長 人",384
1878,"Zhou Dexiang","周 德 香"," 湖 南 湘 潭 人",384
1879,"Zhou Erwan","周 而 婉"," 江 蘇 常 熟 人",378
1880,"Zhou Fenglan","周 灃 蘭"," 江 蘇 長 洲 人",384
1881,"Zhou Fu","周 馥"," 雲 南 太 和 人",386
1882,"Zhou Geng","周 庚"," 福 建 莆 田 人",379
1883,"Zhou Guiqing","周 桂 清"," 安 徽 歙 縣 人",379
1884,"Zhou Hongyou","周 背 友"," 江 蘇 宜 興 人",379
1885,"Zhou Huijuan","周 蕙 娟"," 湖 南 人",384
1886,"Zhou Huizhen","周 慧 貞"," 吳 江 人",124
1887,"Zhou Jiao","周 蕉"," 浙 江 仁 和 人",384
1888,"Zhou Jiashu","周 嘉 淑"," 浙 江 海 寧 人",383
1889,"Zhou Jie","周 潔"," 秣 陵 人",125
1890,"Zhou Jie","周 絜"," 湖 南 湘 潭 人",381
1891,"Zhou Jingyi","周 靜 儀"," 隴 西 人",385
1892,"Zhou Jinying","周 金 英"," 浙 江 聞 湖 人",379
1893,"Zhou Lanxian","周 蘭 仙"," 江 蘇 江 陰 人",387
1894,"Zhou Lanxiu","周 蘭 秀"," 江 蘇 吳 江 人",387
1895,"Zhou Lanyi","周 蘭 儀"," 江 蘇 常 熟 人",387
1896,"Zhou Lian","周 蓮"," 浙 江 吳 興 人",384
1897,"Zhou Lin","周 琳"," 江 西 豐 城 人",381
1898,"Zhou Lisheng","周 釐 生"," 松 江 人",125
1899,"Zhou Mengyu","周 夢 玉"," 福 建 平 和 人",383
1900,"Zhou Peisun","周 佩 蓀"," 江 蘇 梁 溪 人",378
1901,"Zhou Qi","周 綺"," 江 蘇 常 熟 人",383
1902,"Zhou Qiong","周 瓊"," 吳 江 人",125
1903,"Zhou Ruifang","周 蕊 芳"," 福 建 候 官 人",385
1904,"Zhou Run","周 潤"," 浙 江 海 鹽 人",384
1905,"Zhou Shaofu","周 紹 黻"," 廣 西 靈 川 人",380
1906,"Zhou Shi","周 士"," 江 蘇 太 倉 人",377
1907,"Zhou shi","周 氏 （ 車 兆 熊 妻 ）"," 浙 江 上 虞 人",388
1908,"Zhou shi","周 氏"," 揚 州 人",388
1909,"Zhou shi","周 氏 （ 葉 元 封 妻 ）"," 浙 江 慈 歙 人",387
1910,"Zhou shi","周 氏 （ 董 鈞 妻 ）"," 浙 江 歸 安 人",388
1911,"Zhou shi","周 氏 （ 張 大 鵬 妻 ）"," 江 蘇 吳 縣 人",388
1912,"Zhou shi","周 氏 （ 丁 學 周 妻 ）"," 湖 北 應 城 人",387
1913,"Zhou shi","周 氏 （ 伍 憲 文 妻 ）"," 浙 江 餘 姚 人",388
1914,"Zhou shi","周 氏 （ 任 朝 登 妻 ）"," 江 蘇 宜 興 人",387
1915,"Zhou shi","周 氏 （ 吳 某 妻 ）"," 浙 江 錢 塘 人",388
1916,"Zhou shi","周 氏 （ 李 某 妻 ）","",388
1917,"Zhou shi","周 氏 （ 蔡 鼎 昌 妻 ）"," 浙 江 山 陰 人",388
1918,"Zhou shi","周 氏 （ 郭 鳳 鳴 妻 ）"," 浙 江 海 寧 人",387
1919,"Zhou shi","周 氏 （ 陸 綮 聖 妻 ）"," 江 蘇 昆 山 人",388
1920,"Zhou shi","周 氏 （ 韓 澗 水 妻 ）"," 山 東 安 化 人",387
1921,"Zhou shi","周 氏 （  杭 斗 文 妻 ）"," 江 蘇 荊 溪 人",389
1922,"Zhou Shixuan","周 世 宣"," 安 徽 合 肥 人",378
1923,"Zhou Shouling","周 壽 齡"," 湖 南 善 化 人",383
1924,"Zhou Shulv","周 淑 履"," 山 東 萊 陽 人",380
1925,"Zhou Shuying","周 淑 英"," 浙 江 山 陰 人",380
1926,"Zhou Suzhen","周 素 貞"," 江 蘇 丹 徒 人",380
1927,"Zhou Tongchun","周 桐 春"," 浙 江 嘉 興 人",379
1928,"Zhou Wanqing","周 畹 卿"," 四 川 涪 陵 人",382
1929,"Zhou Wanru","周 婉 如"," 貴 州 畢 節 人",380
1930,"Zhou Wanxian","周 婉 嫻"," 江 蘇 蕭 縣 人",381
1931,"Zhou Weide","周 維 德"," 浙 江 山 陰 人",383
1932,"Zhou Wenji","周 文 姬","",123
1933,"Zhou Xi","周 禧"," 江 蘇 江 陰 人",385
1934,"Zhou Xianglan","周 湘 蘭"," 河 南 祥 符 人",381
1935,"Zhou Xiling","周 僖 齡"," 江 蘇 武 進 人",383
1936,"Zhou Xiumei","周 秀 眉","",379
1937,"Zhou Yao","周 瑤"," 浙 江 嘉 善 人",382
1938,"Zhou Yayi","周 雅 儀"," 湖 南 湘 潭 人",382
1939,"Zhou Yichun","周 翼 杶"," 湖 南 湘 陰 人",385
1940,"Zhou Yiduan","周 詒 端"," 湖 南 湘 潭 人",382
1941,"Zhou Yifan","周 詒 蘩"," 湖 南 湘 潭 人",382
1942,"Zhou Ying","周 鎣"," 浙 江 海 寧 人",386
1943,"Zhou Yingfang","周 穎 芳"," 浙 江 錢 塘 人",384
1944,"Zhou Yingqing","周 映 清"," 浙 江 歸 安 人",379
1945,"Zhou Yiyun","周 翼 枃"," 湖 南 湘 陰 人",386
1946,"Zhou Yuezhen","周 月 貞"," 江 蘇 長 洲 人",378
1947,"Zhou Yufang","周 毓 芳"," 江 蘇 無 錫 人",383
1948,"Zhou Yuxiao","周 玉 簫"," 福 建 永 福 人",123
1949,"Zhou Zaifang","周 載 芳"," 江 蘇 維 陽 人",382
1950,"Zhou Zhao","周 炤"," 湖 北 武 昌 人",379
1951,"Zhou Zhenyuan","周 貞 媛"," 江 蘇 泰 州 人",379
1952,"Zhou Zhihui","周 志 蕙"," 浙 江 杭 州 人",378
1953,"Zhou Zhiying","周 之 瑛"," 浙 江 嘉 善 人",377
1954,"Zhou Zhongji","周 仲 姬"," 福 建 海 澄 人",378
1955,"Zhou Zhuan","周 僎"," 浙 江 山 陰 人",381
1956,"Zhou Zhuanyi","周 僎 儀"," 江 蘇 嘉 定 人",381
1957,"Zhou Zongjiang","周 宗 姜"," 浙 江 上 虞 人",379
1958,"Zhoushao Huchu  Longliang","周 韶   胡 楚    龍 靚","",55
1959,"Zhu Ban","朱 班"," 江 蘇 寶 山 人",279
1960,"Zhu Baozan","朱 寶 簪"," 江 蘇 揚 州 人",285
1961,"Zhu Baozhe","朱 保 哲"," 浙 江 長 興 人",277
1962,"Zhu Cheng","朱 澄"," 浙 江 嘉 善 人",283
1963,"Zhu Chengfang","朱 承 芳"," 浙 江 錢 塘 人",276
1964,"Zhu Chengwan","褚 成 婉"," 浙 江 餘 杭 人",702
1965,"Zhu Deshu","朱 德 樹"," 杭 州 人",99
1966,"Zhu Dizhen","朱 迪 珍"," 浙 江 錢 塘 人",278
1967,"Zhu Douer","朱 斗 兒  （ 金 陵 妓 ）","",94
1968,"Zhu Ezeng","朱 萼 增"," 江 蘇 吳 江 人",282
1969,"Zhu Fang","朱 芳"," 江 蘇 江 寧 人",276
1970,"Zhu Fanghui","朱 芳 徽"," 福 建 候 官 人",276
1971,"Zhu Geng","朱 庚"," 浙 江 上 海 人",277
1972,"Zhu Guiying","朱 桂 英"," 任 和 人",97
1973,"Zhu Hui","朱 蕙"," 江 蘇 婁 縣 人",284
1974,"Zhu Huijin","朱 蕙 錦"," 江 蘇 常 熟 人",284
1975,"Zhu Huizhen","朱 蕙 珍"," 江 蘇 無 錫 人",284
1976,"Zhu Jing","朱 景"," 江 蘇 長 洲 人",281
1977,"Zhu Jingsu","朱 景 素"," 江 蘇 上 元 人",281
1978,"Zhu Jingxiao","朱 靜 霄"," 湖 北 通 山 人",285
1979,"Zhu Jingzhen","褚 靜 貞"," 浙 江 嘉 興 人",703
1980,"Zhu Juling","朱 菊 齡"," 福 建 浦 城 人",281
1981,"Zhu Jun","朱 均"," 江 蘇 常 州 人",276
1982,"Zhu Kui","朱 逵"," 浙 江 海 鹽 人",281
1983,"Zhu Kunran","朱 坤 然"," 安 徽 霍 山 人",277
1984,"Zhu Lan","朱 蘭"," 夢 香 甘 泉 人",285
1985,"Zhu Lan","朱 蘭"," 畹 香 含 山 人",286
1986,"Zhu Lan","朱 蘭"," 畹 芳 吳 江 人",285
1987,"Zhu Longji","朱 隆 姬 （ 明 宗 室 ）","",98
1988,"Zhu Mei","朱 梅"," 浙 江 海 寧 人",279
1989,"Zhu Meixiu","朱 梅 秀"," 湖 南 酈 縣 人",280
1990,"Zhu Meiyao","朱 美 瑤"," 廣 東 南 海 人",278
1991,"Zhu Meiying","朱 美 英"," 浙 江 海 鹽 人",278
1992,"Zhu Mengli","朱 夢 黎"," 江 蘇 無 錫 人",283
1993,"Zhu Mu","朱 燕"," 江 蘇 華 亭 人",283
1994,"Zhu Peilan","朱 佩 蘭"," 江 蘇 江 陰 人",277
1995,"Zhu Peixia","朱 佩 霞"," 江 蘇 江 陰 人",277
1996,"Zhu Qingyuan","朱 清 遠"," 浙 江 任 和 人",280
1997,"Zhu Qiongxiang","祝 瓊 湘"," 廣 東 番 禺 人",486
1998,"Zhu Qiu","朱 球"," 江 蘇 上 海 人",281
1999,"Zhu Renshu","朱 認 淑"," 江 蘇 蕭 縣 人",278
2000,"Zhu Rongzhen","朱 榮 珍"," 江 蘇 上 元 人",282
2001,"Zhu Rouying","朱 柔 英"," 昆 山 人",95
2002,"Zhu Rouze","朱 柔 則"," 浙 江 錢 塘 人",278
2003,"Zhu Ruyu","朱 如 玉"," 浙 江 任 和 人",276
2004,"Zhu Sen","朱 森"," 浙 江 嘉 興 人",281
2005,"Zhu Shaoxiang","朱 韶 香"," 福 建 建 寧 人",283
2006,"Zhu shi","朱 氏","",46
2007,"Zhu shi","朱 氏 （ 李 壆 妻 ）"," 江 蘇 太 倉 人",286
2008,"Zhu shi","朱 氏 （ 周 聽 筠 妻 ）","  江 蘇 上 元 人",286
2009,"Zhu shi","朱 氏 （ 查 大 讓 妻 ）"," 海 寧 人",100
2010,"Zhu shi","朱 氏 （ 孫 某 妻 ）"," 浙 江 嘉 興 人",286
2011,"Zhu shi","朱 氏 （ 潘 庭 筠 妻 ）"," 浙 江 錢 塘 人",286

The free trial of MDB ACCDB Viewer exports only half of the records in each table.
