"regionID","parentRegionID","regionHZ","regionPY","VariantName","PresentdayEquivalent","PresentdayEquivalentPY"
1,0,"廣東(清)","Guangdong","","",""
2,1,"順德","Shunde","","廣東順德","Guangdong Shunde"
3,0,"江蘇(清)","Jiangsu","","",""
4,3,"青浦","Qingpu","","上海青浦","Shanghai Qingpu"
26,20,"侯官","Houguan","","福建閩侯","Fujian Minhou"
8,126,"平江","Pingjiang","","湖南平江","Hunan Pingjiang"
10,44,"仁和","Renhe","","浙江杭州","Zhejiang Hangzhou"
170,135,"九江","Jiujiang","","江西九江","Jiangxi Jiujiang"
16,3,"丹徒","Dantu","","江蘇丹徒","Jiangsu Dantu"
18,3,"常熟","Changshu","","江蘇常熟","Jiangsu Changshu"
19,20,"福州","Fuzhou","","福建福州","Fujian Fuzhou"
20,0,"福建(清)","Fujian","","",""
25,3,"吳縣","Wu Xian","","江蘇吳縣","Jiangsu Wu Xian"
27,20,"長樂","Changle","","福建長樂","Fujian Changle"
28,3,"松江","Songjiang","","上海松江","Shanghai Songjiang"
30,135,"德化","Dehua","","江西九江","Jiangxi Jiujiang"
31,135,"奉新","Fengxin","","江西奉新","Jiangxi Fengxin"
32,135,"南豐","Nanfeng","","江西南豐","Jiangxi Nanfeng"
33,135,"彭澤","Pengze","","江西彭澤","Jiangxi  Pengze"
34,135,"湖口","Hukou","","江西湖口","Jiangxi Hukou"
35,135,"瑞昌","Ruichang","","江西瑞昌","Jiangxi Ruichang"
36,44,"永康","Yongkang","","浙江永康","Zhejiang Yongkang"
38,126,"寧鄉","Ningxiang","","湖南寧鄉","Hunan Ningxiang"
39,3,"華亭","Huating","","上海松江","Shanghai Songjiang"
41,3,"虞山","Yushan","","江蘇常熟","Jiangsu Changshu"
42,0,"山東(清)","Shandong","","",""
43,42,"曲阜","Qufu","","山東曲阜","Shandong Qufu"
44,0,"浙江(清)","Zhejiang","","",""
45,42,"濟南","Ji'nan","","山東濟南","Shandong Ji'nan"
46,91,"南陵","Nanling","","安徽南陵","Anhui Nanling"
48,3,"長洲","Changzhou","","江蘇蘇州","Jiangsu Suzhou"
49,135,"新建","Xinjian","","江西新建","Jiangxi Xinjian"
50,44,"山陰","Shanyin","","浙江紹興","Zhejiang Shaoxing"
149,3,"金壇","Jintan","","江蘇金壇","Jiangsu Jintan"
55,3,"淮陰","Huaiyin","","江蘇淮陰","Jiangsu Huaiyin"
56,3,"甘泉","Ganquan","","江蘇揚州","Jiangsu Yangzhou"
57,126,"湘潭","Xiangtan","","湖南湘潭","Hunan Xiangtan"
58,91,"桐城","Tongcheng","","安徽桐城","Anhui Tongcheng"
637,0,"大理(南宋)","Dali","","",""
60,44,"嘉善","Jiashan","","浙江嘉善","Zhejiang Jiashan"
62,3,"毘陵","Piling","","江蘇常州","Jiangsu Changzhou"
63,44,"秀水","Xiushui","","浙江嘉興","Zhejiang Jiaxing"
64,3,"陽湖","Yanghu","","江蘇常州","Jiangsu Changzhou"
66,3,"上海","Shanghai","","上海上海","Shanghai Shanghai"
67,135,"高安","Gaoan","","江西高安","Jiangxi Gaoan"
68,1,"南海","Nanhai","","廣東廣州","Guangdong Guangzhou"
70,3,"元和","Yuanhe","","江蘇蘇州","Jiangsu Suzhou"
72,3,"武進","Wujin","","江蘇常州","Jiangsu Changzhou"
73,44,"湖州","Huzhou","","浙江湖州","Zhejiang Huzhou"
74,3,"溧水","Lishui","","江蘇溧水","Jiangsu Lishui"
75,44,"歸安","Guian","","浙江湖州","Zhejiang Huzhou"
76,44,"海鹽","Haiyan","","浙江海鹽","Zhejiang Haiyan"
432,126,"攸縣","You Xian","","湖南攸縣","Hunan You Xian"
79,3,"泰州","Taizhou","","江蘇泰州","Jiangsu Taizhou"
80,135,"新城","Xincheng","","江西黎川","Jiangxi Lichuan"
141,3,"崑山","Kunshan","","江蘇崑山","Jiangsu Kunshan"
83,3,"金匱","Jingui","","江蘇無錫","Jiangsu Wuxi"
84,44,"會稽","Kuaiji","","浙江紹興","Zhejiang Shaoxing"
87,44,"海昌","Haichang","","浙江海寧","Zhejiang Haining"
88,44,"德清","Deqing","","浙江德清","Zhejiang Deqing"
89,135,"吉水","Jishui","","江西吉水","Jiangxi Jishui"
90,0,"臨梅","Linmei","","",""
91,0,"安徽(清)","Anhui","","",""
92,91,"合肥","Hefei","","安徽合肥","Anhui Hefei"
93,3,"吳江","Wujiang","","江蘇吳江","Jiangsu Wujiang"
94,3,"丹陽","Danyang","","江蘇丹陽","Jiangsu Danyang"
95,1,"瓊山","Qiongshan","","海南瓊山","Hainan Qiongshan"
97,3,"江陰","Jiangyin","","江蘇江陰","Jiangsu Jiangyin"
99,20,"閩縣","Min Xian","","福建福州","Fujian Fuzhou"
100,3,"句容","Jurong","","江蘇句容","Jiangsu Jurong"
102,0,"新吳","Xinwu","","",""
103,3,"東海","Donghai","","江蘇東海","Jiangsu Donghai"
108,3,"儀徵","Yizheng","","江蘇儀徵","Jiangsu Yizheng"
109,3,"真州","Zhenzhou","","江蘇儀徵","Jiangsu Yizheng"
110,44,"錢塘","Qiantang","","浙江杭州","Zhejiang Hangzhou"
111,257,"長白","Changbai","","吉林長白","Jilin Changbai"
112,91,"定遠","Dingyuan","","安徽定遠","Anhui Dingyuan"
113,113,"長白","Changbai","","",""
414,1,"嘉應","Jiaying","","廣東梅州","Guangdong Meizhou"
115,0,"直隸(清)","Zhili","","",""
116,115,"博野","boye","","河北博野","Hebei Boye"
117,44,"鎮海","Zhenhai","","浙江鎮海","Zhejiang Zhenhai"
118,3,"震澤","Zhenze","","江蘇吳江","Jiangsu Wujiang"
119,1,"陽山","Yangshan","","廣東陽山","Guangdong Yangshan"
120,3,"上元","Shangyuan","","江蘇南京","Jiangsu Nanjing"
121,44,"烏程","Wucheng","","浙江湖州","Zhejiang Huzhou"
122,44,"桐鄉","Tongxiang","","浙江桐鄉","Zhejiang Tongxiang"
123,44,"義烏","Yiwu","","浙江義烏","Zhejiang Yiwu"
124,20,"莆田","Putian","","福建莆田","Fujian Putian"
125,126,"耒陽","Leiyang","","湖南耒陽","Hunan Leiyang"
126,0,"湖南(清)","Hunan","","",""
127,42,"武城","Wucheng","","山東武城","Shandong Wucheng"
128,115,"天津","Tianjin","","天津","Tianjin"
130,0,"山西(清)","Shanxi","","",""
131,130,"洪洞","Hongdong","","山西洪洞","Shanxi Hongdong"
133,3,"嘉定","Jiading","","上海嘉定","Shanghai Jiading"
132,3,"江寧","Jiangning","","江蘇南京","Jiangsu Nanjing"
134,135,"廬陵","Luling","","江西吉安","Jiangxi Ji'an"
135,0,"江西(清)","Jiangxi","","",""
136,91,"當塗","Dangtu","","安徽當塗","Anhui Dangtu"
137,115,"遼陽","Liaoyang","","遼寧遼陽","Liaoning Liaoyang"
140,3,"宜興","Yixing","","江蘇宜興","Jiangsu Yixing"
142,143,"貴筑","Guizhu","","貴州貴陽","Guizhou Guiyang"
143,0,"貴州(清)","Guizhou","","",""
144,145,"臨桂","Lingui","","廣西桂林","Guangxi Guilin"
145,0,"廣西(清)","Guangxi","","",""
146,135,"東鄉","Dongxiang","","江西東鄉","Jiangxi Dongxiang"
147,148,"遂寧","Suining","","四川遂寧","Sichuan Suining"
148,0,"四川(清)","Sichuan","","",""
150,3,"無錫","Wuxi","","江蘇無錫","Jiangsu Wuxi"
473,227,"陝縣","Shan Xian","","河南陝縣","Henan Shan Xian"
152,135,"餘干","Yugan","","江西餘干","Jiangxi Yugan"
153,130,"太原","Taiyuan","","山西太原","Shanxi Taiyuan"
154,135,"南城","Nancheng","","江西南城","Jiangxi Nancheng"
157,91,"蒙城","Mengcheng","","安徽蒙城","Anhui Mengcheng"
156,115,"南皮","Nanpi","","河北南皮","Hebei Nanpi"
158,148,"邛州","Qiongzhou","","四川邛崍","Sichuan Qionglai"
416,3,"山陽","Shanyang","","江蘇淮安","Jiangsu Huaian"
160,126,"湘陰","Xiangyin","","湖南湘陰","Hunan Xiangyin"
181,182,"晉寧","Jinning","","雲南晉寧","Yunnan Jinning"
472,130,"文水","Wenshui","","山西文水","Shanxi Wenshui"
163,20,"漳浦","Zhangpu","","福建漳浦","Fujian Zhangpu"
1139,694,"洛陽","Luoyang","","河南洛陽","Henan Luoyang"
165,3,"太倉","Taicang","","江蘇太倉","Jiangsu Taicang"
166,172,"孝感","Xiaogan","","湖北孝感","Hubei Xiaogan"
167,91,"休寧","Xiuning","","安徽休寧","Anhui Xiuning"
168,91,"涇縣","Jing Xian","","安徽涇縣","Anhui Jing Xian"
171,44,"上虞","Shangyu","","浙江上虞","Zhejiang Shangyu"
172,0,"湖北(清)","Hubei","","",""
173,3,"如皐","Rugao","","江蘇如皐","Jiangsu Rugao"
175,44,"東陽","Dongyang","","浙江東陽","Zhejiang Dongyang"
176,44,"海寧","Haining","","浙江海寧","Zhejiang Haining"
177,126,"安化","Anhua","","湖南安化","Hunan Anhua"
178,172,"江夏","Jiangxia","","湖北武漢","Hubei Wuhan"
179,3,"宿遷","Suqian","","江蘇宿遷","Jiangsu Suqian"
180,148,"西充","Xichong","","四川西充","Sichuan Xichong"
182,0,"雲南(清)","Yunnan","","",""
183,3,"興化","Xinghua","","江蘇興化","Jiangsu Xinghua"
184,42,"歷城","Licheng","","山東歷城","Shandong Licheng"
185,130,"榆次","Yuci","","山西榆次","Shanxi Yuci"
186,126,"嘉禾","Jiahe","","湖南嘉禾","Hunan Jiahe"
187,44,"嘉興","Jiaxing","","浙江嘉興","Zhejiang Jiaxing"
188,145,"全州","Quanzhou","","廣西全州","Guangxi Quanzhou"
189,1,"香山","Xiangshan","","廣東中山","Guangdong Zhongshan"
190,115,"順天","Shuntian","","北京","Beijing"
191,115,"大興","Daxing","","北京大興","Beijing Daxing"
192,172,"漢陽","Hanyang","","湖北武漢","Hubei Wuhan"
193,135,"永新","Yongxin","","江西永新","Jiangxi Yongxin"
194,135,"星子","Xingzi","","江西星子","Jiangxi Xingzi"
195,20,"閩侯","Minhou","","福建閩侯","Fujian Minhou"
196,115,"宛平","Wanping","","北京豐臺","Beijing Fengtai"
197,548,"漢軍","Hanjun","","遼寧遼陽","Liaoning Liaoyang"
199,135,"崇仁","Chongren","","江西崇仁","Jiangxi Chongren"
200,91,"全椒","Quanjiao","","安徽全椒","Anhui Quanjiao"
201,145,"桂林","Guilin","","廣西桂林","Guangxi Guilin"
202,126,"新化","Xinhua","","湖南新化","Hunan Xinhua"
1133,3,"彭城","Pengcheng","","江蘇徐州","Jiangsu Xuzhou"
204,126,"祁陽","Qiyang","","湖南祁陽","Hunan Qiyang"
205,91,"天長","Tianchang","","安徽天長","Anhui Tianchang"
206,3,"江都","Jiangdu","","江蘇揚州","Jiangsu Yangzhou"
207,130,"臨縣","Lin Xian","","山西臨縣","Shanxi Lin Xian"
208,135,"南昌","Nanchang","","江西南昌","Jiangxi Nanchang"
209,135,"安義","Anyi","","江西安義","Jiangxi Anyi"
210,143,"安順","Anshun","","貴州安順","Guizhou Anshun"
800,0,"會稽郡(秦)","Kuaiji Jun","","",""
212,3,"南匯","Nanhui","","上海南匯","Shanghai Nanhui"
213,42,"平原","Pingyuan","","山東平原","Shandong Pingyuan"
214,42,"益都","Yidu","","山東青州","Shandong Qingzhou"
215,91,"穎上","Yingshang","","安徽穎上","Anhui Yingshang"
1159,0,"正紅旗漢軍","Zhenghongqi Hanjun","","",""
217,3,"婁縣","Lou Xian","","上海松江","Shanghai Songjiang"
218,42,"安邱","Anqiu","","山東安丘","Shandong Anqiu"
219,44,"仙居","Xianju","","浙江仙居","Zhejiang Xianju"
220,1,"潮州","Chaozhou","","廣東潮州","Guangdong Chaozhou"
221,91,"太湖","Taihu","","安徽太湖","Anhui Taihu"
222,44,"桐廬","Tonglu","","浙江桐廬","Zhejiang Tonglu"
223,3,"金山","Jinshan","","上海金山","Shanghai Jinshan"
224,42,"德州","Dezhou","","山東德州","Shandong Dezhou"
225,1,"番禺","Panyu","","廣東番禺","Guangdong Panyu"
226,227,"永城","Yongcheng","","河南永城","Henan Yongcheng"
227,0,"河南(清)","Henan","","",""
228,3,"泰興","Taixing","","江蘇泰興","Jiangsu Taixing"
229,115,"河間","Hejian","","河北河間","Hebei Hejian"
230,135,"崇義","Chongyi","","江西崇義","Jiangxi Chongyi"
231,172,"荊門","Jingmen","","湖北荊門","Hubei Jingmen"
232,148,"彰明","Zhangming","","四川江油","Sichuan Jiangyou"
233,3,"奉賢","Fengxian","","上海奉賢","Shanghai Fengxian"
234,172,"潛江","Qianjiang","","湖北潛江","Hubei Qianjiang"
235,42,"萊陽","Laiyang","","山東萊陽","Shandong Laiyang"
267,130,"鳳臺","Fengtai","","山西晉城","Shanxi Jincheng"
458,172,"黃陂","Huangpi","","湖北黃陂","Hubei Huangpi"
239,126,"衡陽","Hengyang","","湖南衡陽","Hunan Hengyang"
240,42,"膠州","Jiaozhou","","山東膠州","Shandong Jiaozhou"
241,20,"泉州","Quanzhou","","福建泉州","Fujian Quanzhou"
242,148,"丹稜","Danleng","","四川丹稜","SIchuan Danleng"
415,172,"蘄州","Qizhou","","湖北蘄春","Hubei Qichun"
244,44,"寧海","Ninghai","","浙江寧海","Zhejiang Ninghai"
245,148,"華陽","Huayang","","四川成都","Sichuan Chengdu"
246,115,"保定","Baoding","","河北保定","Hebei Baoding"
247,0,"蒙古","Menggu","","",""
248,44,"分水","Fenshui","","浙江桐廬","Zhejiang Tonglu"
249,91,"穎州","Yingzhou","","安徽阜陽","Anhui Fuyang"
250,3,"昭文","Zhaowen","","江蘇常熟","Jiangsu Changshu"
252,42,"諸城","Zhucheng","","山東諸城","Shandong Zhucheng"
253,148,"富順","Fushun","","四川富順","Sichuan Fushun"
254,1,"東莞","Dongguan","","廣東東莞","Guangdong Dongguan"
255,44,"永嘉","Yongjia","","浙江溫州","Zhejiang Wenzhou"
256,257,"鐵嶺","Tieling","","遼寧鐵嶺","Liaoning Tieling"
257,0,"奉天(盛京-清)","Fengtian","","",""
258,115,"豐潤","Fengrun","","河北豐潤","Hebei Fengrun"
259,126,"沅陵","Yuanling","","湖南沅陵","Hunan Yuanling"
260,20,"海澄","Haicheng","","福建龍海","Fujian Longhai"
261,135,"寧都","Ningdu","","江西寧都","Jiangxi Ningdu"
262,227,"儀封","Yifeng","","河南蘭考","Henan Lankao"
263,148,"蒲江","Pujiang","","四川蒲江","Sichuan Pujiang"
264,115,"任邱","Renqiu","","河北任邱","Hebei Renqiu"
265,1,"感恩","Gan'en","","海南東方","Hainan Dongfang"
268,91,"無為","Wuwei","","安徽無為","Anhui Wuwei"
413,130,"神池","Shenchi","","山西神池","Shanxi Shenchi"
269,44,"石門","Shimen","","浙江桐鄉","Zhejiang Tongxiang"
270,227,"襄城","Xiangcheng","","河南襄城","Henan Xiangcheng"
271,272,"三原","Sanyuan","","陝西三原","Shanxi Sanyuan"
272,0,"陝西(清)","Shanxi","","",""
273,126,"茶陵","Chaling","","湖南茶陵","Hunan Chaling"
274,227,"鄧州","Dengzhou","","河南鄧州","Henan Dengzhou"
275,44,"平湖","Pinghu","","浙江平湖","Zhejiang Pinghu"
276,272,"藍田","Lantian","","陝西藍田","Shanxi Lantian"
277,278,"靖邊","Jingbian","","陕西靖边","Shanxi Jingbian"
278,0,"甘肅(清)","Gansu","","",""
279,91,"宣城","Xuancheng","","安徽宣城","Anhui Xuancheng"
280,44,"西安","Xi'an","","浙江衢縣","Zhejiang Qu Xian"
281,42,"長山","Changshan","","山東鄒平","Shandong Zouping"
282,130,"夏縣","Xia Xian","","山西夏縣","Shanxi Xia Xian"
283,227,"鹿邑","Luyi","","河南鹿邑","Henan Luyi"
284,272,"長安","Chang'an","","陝西西安","Shanxi Xi'an"
285,145,"蒼梧","Cangwu","","廣西蒼梧","Guangxi Cangwu"
286,182,"蒙自","Mengzi","","雲南蒙自","Yunnan Mengzi"
287,42,"莒州","Juzhou","","山東日照","Shandong Rizhao"
288,1,"恩平","Enping","","廣東恩平","Guangdong Enping"
289,278,"張掖","Zhangye","","甘肅張掖","Gansu Zhangye"
290,126,"武陵","Wuling","","湖南常德","Hunan Changde"
291,115,"文安","Wenan","","河北文安","Hebei Wenan"
292,42,"齊河","Qihe","","山東齊河","Shandong Qihe"
293,42,"淄川","Zichuan","","山東淄川","Shandong Zichuan"
294,115,"邢臺","Xingtai","","河北邢臺","Hebei Xingtai"
295,148,"成都","Chengdu","","四川成都","Sichuan Chengdu"
296,278,"哈密廳","Hamiting","","新疆哈密","Xinjiang Hami"
297,42,"福山","Fushan","","山東福山","Shandong Fushan"
298,130,"興縣","Xing Xian","","山西興縣","Shanxi Xing Xian"
299,1,"海陽","Haiyang","","廣東潮安","Guangdong Chaoan"
300,182,"昆明","Kunming","","雲南昆明","Yunnan Kunming"
301,42,"平陰","Pingyin","","山東平陰","Shandong Pingyin"
302,126,"善化","Shanhua","","湖南長沙","Hunan Changsha"
303,227,"光州","Guangzhou","","河南潢川","Henan Huangchuan"
304,44,"長興","Changxing","","浙江長興","Zhejiang Changxing"
305,20,"永福","Yongfu","","福建永泰","Fujian Yongtai"
306,44,"餘姚","Yuyao","","浙江餘姚","Zhejiang Yuyao"
307,227,"祥符","Xiangfu","","河南開封","Henan Kaifeng"
308,91,"歙縣","She Xian","","安徽歙縣","Anhui She Xian"
309,145,"永康","Yongkang","","廣西扶綏","Guangxi Fusui"
310,172,"羅田","Luotian","","湖北羅田","Hubei Luotian"
311,91,"阜陽","Fuyang","","安徽阜陽","Anhui Fuyang"
312,42,"高密","Gaomi","","山東高密","Shandong Gaomi"
313,91,"婺源","Wuyuan","","江西婺源","Jiangxi Wuyuan"
314,20,"邵武","Shaowu","","福建邵武","Fujian Shaowu"
315,227,"信陽","Xinyang","","河南信陽","Henan Xinyang"
316,91,"懷寧","Huaining","","安徽懷寧","Anhui Huaining"
317,42,"濟寧","Jining","","山東濟寧","Shandong Jining"
318,44,"吳興","Wuxing","","浙江湖州","Zhejiang Huzhou"
319,3,"通州","Tongzhou","","江蘇南通","Jiangsu Nantong"
320,130,"代州","Daizhou","","山西代縣","Shanxi Dai Xian"
321,0,"朝鮮","Chaoxian","","",""
322,42,"蓬萊","Penglai","","山東蓬萊","Shandong Penglai"
323,44,"天台","Tiantai","","浙江天台","Zhejiang Tiantai"
324,20,"福清","Fuqing","","福建福清","Fujian Fuqing"
325,278,"清水","Qingshui","","甘肅清水","Gansu Qingshui"
326,172,"廣濟","Guangji","","湖北武穴","Hubei Wuxue"
327,1,"揭陽","Jieyang","","廣東揭陽","Guangdong Jieyang"
329,3,"揚州","Yangzhou","","江蘇揚州","Jiangsu Yangzhou"
330,278,"靜寧","Jingning","","甘肅靜寧","Gansu Jingning"
331,145,"柳城","Liucheng","","廣西柳城","Guangxi Liucheng"
332,91,"舒城","Shucheng","","安徽舒城","Anhui Shucheng"
333,91,"安慶","Anqing","","安徽安慶","Anhui Anqing"
334,42,"泰安","Taian","","山東泰安","Shandong Taian"
335,135,"臨川","Linchuan","","江西撫州","Jiangxi Fuzhou"
336,42,"商河","Shanghe","","山東商河","Shandong Shanghe"
337,3,"荊溪","Jingxi","","江蘇宜興","Jiangsu Yixing"
338,143,"安平","Anping","","貴州貴陽","Guizhou Guiyang"
339,126,"龍陽","Longyang","","湖南漢壽","Hunan Hanshou"
340,145,"賓州","Binzhou","","廣西賓陽","Guangxi Binyang"
341,145,"崇善","Chongshan","","廣西崇左","Guangxi Chongzuo"
342,130,"绛縣","Jiang Xian","","山西绛縣","Shanxi Jiang Xian"
343,135,"廣豐","Guangfeng","","江西廣豐","Jiangxi Guangfeng"
344,0,"濟州","Jizhou","","",""
345,145,"平南","Pingnan","","廣西平南","Guangxi Pingnan"
346,3,"淮安","Huaian","","江蘇淮安","Jiangsu Huaian"
347,3,"溧陽","Liyang","","江蘇溧陽","Jiangsu Liyang"
348,1,"陽春","Yangchun","","廣東陽春","Guangdong Yangchun"
349,42,"濱州","Binzhou","","山東濱州","Shandong Binzhou"
350,115,"磁州","Cizhou","","河北磁縣","Hebei Ci Xian"
351,135,"分宜","Fenyi","","江西分宜","Jiangxi Fenyi"
352,3,"寶應","Baoying","","江蘇寶應","Jiangsu Baoying"
353,182,"大理","Dali","","雲南大理","Yunnan Dali"
354,145,"灌陽","Guanyang","","廣西灌陽","Guangxi Guanyang"
408,143,"開泰","Kaitai","","貴州黎平","Guizhou Liping"
357,227,"渑池","Mianchi","","河南渑池","Henan Mianchi"
358,1,"廣州","Guangzhou","","廣東廣州","Guangdong Guangzhou"
360,115,"大名","Daming","","河北大名","Hebei Daming"
361,44,"餘杭","Yuhang","","浙江餘杭","Zhejiang Yuhang"
362,126,"慈利","Cili","","湖南慈利","Hunan Cili"
363,91,"含山","Hanshan","","安徽含山","Anhui Hanshan"
364,115,"東光","Dongguang","","河北東光","Hebei Dongguang"
365,227,"輝縣","Hui Xian","","河南輝縣","Henan Hui Xian"
366,44,"鄞縣","Yin Xian","","浙江鄞縣","Zhejiang Yin Xian"
367,126,"益陽","Yiyang","","湖南益陽","Hunan Yiyang"
368,257,"蓋州","Gaizhou","","遼寧蓋州","Liaoning Gaizhou"
369,145,"陽朔","Yangshuo","","廣西陽朔","Guangxi Yangshuo"
370,20,"安溪","Anxi","","福建安溪","Fujian Anxi"
371,3,"鎮洋","Zhenyang","","江蘇太倉","Jiangsu Taicang"
372,257,"錦州","Jinzhou","","遼寧錦州","Liaoning Jinzhou"
373,227,"登封","Dengfeng","","河南登封","Henan Dengfeng"
374,44,"蕭山","Xiaoshan","","浙江蕭山","Zhejiang Xiaoshan"
375,148,"綿竹","Mianzhu","","四川綿竹","Sichuan Mianzhu"
376,148,"德陽","Deyang","","四川德陽","Sichuan Deyang"
377,182,"趙州","Zhaozhou","","雲南大理","Yunnan Dali"
378,115,"靜海","Jinghai","","天津靜海","Tianjin Jinghai"
379,42,"章丘","Zhangqiu","","山東章丘","Shandong Zhangqiu"
380,227,"安陽","Anyang","","河南安陽","Henan Anyang"
381,3,"寶山","Baoshan","","上海寶山","Shanghai Baoshan"
382,145,"柳州","Liuzhou","","廣西柳州","Guangxi Liuzhou"
383,44,"安吉","Anji","","浙江安吉","Zhejiang Anji"
384,145,"平樂","Pingle","","廣西平樂","Guangxi Pingle"
385,115,"高陽","Gaoyang","","河北高陽","Hebei Gaoyang"
386,143,"鎮遠","Zhenyuan","","貴州鎮遠","Guizhou Zhenyuan"
387,130,"寧武","Ningwu","","山西寧武","Shanxi Ningwu"
388,126,"江華","Jianghua","","湖南江華","Hunan Jianghua"
389,172,"黃州","Huangzhou","","湖北黃岡","Hubei Huanggang"
390,20,"浦城","Pucheng","","福建浦城","Fujian Pucheng"
391,272,"韓城","Hancheng","","陝西韓城","Shanxi Hancheng"
392,172,"京山","Jingshan","","湖北京山","Hubei Jingshan"
393,115,"柏鄉","Boxiang","","河北柏鄉","Hebei Boxiang"
394,135,"廣昌","Guangchang","","江西廣昌","Jiangxi Guangchang"
395,20,"同安","Tongan","","福建同安","Fujian Tongan"
396,3,"高郵","Gaoyou","","江蘇高郵","Jiangsu Gaoyou"
397,91,"亳州","Bozhou","","安徽亳州","Anhui Bozhou"
398,227,"新鄉","Xinxiang","","河南新鄉","Henan Xinxiang"
399,91,"潛山","Qianshan","","安徽潛山","Anhui Qianshan"
400,130,"長治","Changzhi","","山西長治","Shanxi Changzhi"
401,3,"徐州","Xuzhou","","江蘇徐州","Jiangsu Xuzhou"
402,257,"開原","Kaiyuan","","遼寧開原","Liaoning Kaiyuan"
403,91,"黟縣","Yi Xian","","安徽黟縣","Anhui Yi Xian"
404,145,"融縣","Rong Xian","","廣西融安","Guangxi Rongan"
405,130,"翼城","Yicheng","","山西翼城","Shanxi Yicheng"
807,735,"扶風","Fufeng","","陝西扶風","Shanxi Fufeng"
409,227,"河内","Henei","","河南沁陽","Henan Qinyang"
410,44,"青田","Qingtian","","浙江青田","Zhejiang Qingtian"
411,20,"漳州","Zhangzhou","","福建漳州","Fujian Zhangzhou"
412,145,"藤縣","Teng Xian","","廣西藤縣","Guangxi Teng Xian"
417,3,"清河","Qinghe","","江蘇淮陰","Jiangsu Huaiyin"
418,44,"富陽","Fuyang","","浙江富陽","Zhejiang Fuyang"
419,20,"興化","Xinghua","","福建莆田","Fujian Putian"
420,91,"望江","Wangjiang","","安徽望江","Anhui Wangjiang"
421,182,"太和","Taihe","","雲南大理","Yunnan Dali"
422,91,"和州","Hezhou","","安徽和縣","Anhui He Xian"
423,143,"綏陽","Suiyang","","貴州綏陽","Guizhou Suiyang"
424,172,"江陵","Jiangling","","湖北荊州","Hubei Jingzhou"
425,272,"郃陽","Heyang","","陝西合陽","Shanxi Heyang"
426,148,"安岳","Anyue","","四川安岳","Sichuan Anyue"
427,227,"陳留","Chenliu","","河南開封","Henan Kaifeng"
428,1,"石城","Shicheng","","湖北鍾祥","Hubei Zhongxiang"
429,42,"新城","Xincheng","","山東桓臺","Shandong Huantai"
430,135,"金谿","Jinxi","","江西金谿","Jiangxi  Jinxi"
431,20,"晉安","Jin'an","","福建福州","Fujian Fuzhou"
433,148,"閬中","Langzhong","","四川閬中","Sichuan Langzhong"
434,115,"吳橋","Wuqiao","","河北吳橋","Hebei Wuqiao"
436,115,"涿州","Zhuozhou","","河北涿州","Hebei Zhuozhou"
437,126,"長沙","Changsha","","湖南長沙","Hunan Changsha"
438,182,"武定","Wuding","","雲南武定","Yunnan Wuding"
439,148,"金堂","Jintang","","四川金堂","Sichuan Jintang"
440,272,"華陰","Huayin","","陝西華陰","Shanxi Huayin"
441,44,"黃岩","Huangyan","","浙江黃岩","Zhejiang Huangyan"
442,227,"洛陽","Luoyang","","河南洛陽","Henan Luoyang"
443,115,"邯鄲","Handan","","河北邯鄲","Hebei Handan"
444,3,"新陽","Xinyang","","江蘇崑山","Jiangsu Kunshan"
445,3,"銅山","Tongshan","","江蘇銅山","Jiangsu Tongshan"
446,42,"榮城","Rongcheng","","山東榮城","Shandong Rongcheng"
447,115,"長垣","Changyuan","","河南長垣","Henan Changyuan"
448,126,"瀏陽","Liuyang","","湖南瀏陽","Hunan Liuyang"
449,227,"懐慶","Huaiqing","","河南沁陽","Henan Qinyang"
450,1,"博羅","Boluo","","廣東博羅","Guangdong Boluo"
451,44,"諸暨","Zhuji","","浙江諸暨","Zhejiang Zhuji"
453,227,"郾城","Yancheng","","河南郾城","Henan Yancheng"
454,130,"汾陽","Fenyang","","山西汾陽","Shanxi Fenyang"
455,148,"犍為","Qianwei","","四川犍為","Sichuan Qianwei"
456,91,"青陽","Qingyang","","安徽青陽","Anhui Qingyang"
457,115,"獻縣","Xian Xian","","河北獻縣","Hebei Xian Xian"
459,130,"平陽","Pingyang","","山西臨汾","Shanxi Linfen"
1087,754,"潁川","Yingchuan","","河南禹州","Henan Yuzhou"
460,115,"寧津","Ningjin","","山東寧津","Shandong Ningjin"
461,148,"大竹","Dazhu","","四川大竹","Sichuan Dazhu"
464,747,"臨卬","Lin'ang","","四川邛崍","Sichuan Qionglai"
465,227,"杞縣","Qi Xian","","河南杞縣","Henan Qi Xian"
1132,0,"新羅","Xinluo","","",""
471,1069,"陽夏","Yangxia","","河南太康","Henan Taikang"
1131,638,"冯翎","Fengling","","陝西大荔","Shanxi Dali"
476,494,"清陽","Qingyang","","河北清河","Hebei Qinghe"
1140,126,"湘鄉","Xiangxiang","","湖南湘鄉","Hunan Xiangxiang"
479,484,"蒲州","Puzhou","","山西永濟","Shanxi Yongji"
480,135,"鄱陽","Poyang","","江西波陽","Jiangxi Boyang"
482,483,"彭城","Pengcheng","","江蘇徐州","Jiangsu Xuzhou"
483,0,"河南道(唐)","Henan Dao","","",""
484,0,"河東道(唐)","Hedong Dao","","",""
485,0,"江南東道(唐)","Jiangnandong Dao","","",""
486,485,"越州","Yuezhou","","浙江紹興","Zhejiang Shaoxing"
487,567,"襄陽","Xiangyang","","湖北襄樊","Hubei Xiangfan"
488,489,"成都","Chengdu","","四川成都","Sichuan Chengdu"
489,0,"劍南道(唐)","Jiannan Dao","","",""
490,484,"太原","Taiyuan","","山西太原","Shanxi Taiyuan"
491,492,"武昌","Wuchang","","湖北武昌","Hubei Wuchang"
492,0,"江南西道(唐)","Jiangnanxi Dao","","",""
493,657,"成都(蜀-五代)","Chengdu","","四川成都","Sichuan Chengdu"
494,0,"河北道(唐)","Hebei Dao","","",""
495,0,"關內道(唐)","Guannei Dao","","",""
496,495,"長安","Chang'an","","陝西西安","Shanxi Xi'an"
497,498,"長安","Chang'an","","陝西西安","Shanxi Xi'an"
498,0,"司隸部(漢)","Sili Bu","","",""
500,0,"吉林(清)","Jilin","","",""
501,0,"黑龍江(清)","Heilongjiang","","",""
502,0,"新疆(清)","Xinjiang","","",""
503,0,"烏里雅蘇臺(清)","Wuliyasutai","","",""
504,0,"青海(清)","Qinghai","","",""
505,0,"西藏(清)","Xizang","","",""
506,0,"察哈爾(清)","Chahaer","","",""
507,0,"額濟納土爾扈特旗(清)","Ejinatuerhute Qi","","",""
508,0,"阿拉善厄魯特旗(清)","Alashan'elute Qi","","",""
509,0,"烏蘭察布盟(清)","Wulanchabu Meng","","",""
510,0,"伊克昭盟(清)","Yikezhao Meng","","",""
511,0,"錫林郭勒盟(清)","Xilinguole Meng","","",""
512,0,"昭烏達盟(清)","Zhaowuda Meng","","",""
513,0,"哲里木盟(清)","Zhelimu Meng","","",""
514,0,"卓索圖盟(清)","Zhuosuotu Meng","","",""
515,0,"北直隸(明)","Bei Zhili","","",""
516,0,"南直隸(明)","Nan Zhili","","",""
517,0,"山東(明)","Shandong","","",""
519,0,"山西(明)","Shanxi","","",""
635,610,"錢塘","Qiantang","","浙江杭州","Zhejiang Hangzhou"
521,0,"河南(明)","Henan","","",""
522,0,"陝西(明)","Shanxi","","",""
636,657,"青城","Qingcheng","","四川都江堰","Sichuan Dujiangyan"
524,0,"四川(明)","Sichuan","","",""
525,0,"江西(明)","Jiangxi","","",""
526,0,"湖廣(明)","Huguang","","",""
527,0,"浙江(明)","Zhejiang","","",""
528,0,"福建(明)","Fujian","","",""
529,0,"廣東(明)","Guangdong","","",""
530,0,"廣西(明)","Guangxi","","",""
531,0,"雲南(明)","Yunnan","","",""
532,0,"貴州(明)","Guizhou","","",""
533,0,"奴兒干都司(明)","Nuergan Dusi","","",""
534,0,"哈密衛(明)","Hami Wei","","",""
535,0,"罕東衛(明)","Handong Wei","","",""
536,0,"罕東左衛(明)","Handongzuo Wei","","",""
537,0,"赤斤蒙古衛(明)","Chijinmenggu Wei","","",""
538,0,"安定衛(明)","Anding Wei","","",""
539,0,"曲先衛(明)","Quxian Wei","","",""
540,0,"阿端衛(明)","Aduan Wei","","",""
541,0,"烏思藏都司(明)","Wusizang Dusi","","",""
542,0,"朵甘都司(明)","Duogan Dusi","","",""
543,0,"瓦刺(明)","Waci","","",""
544,0,"韃靼(明)","Dada","","",""
545,0,"亦力把里(明)","Yilibali","","",""
546,0,"中書省(元)","Zhongshu Sheng","","",""
547,0,"岭北行省(元)","Lingbei Xingsheng","","",""
548,0,"遼陽行省(元)","Liaoyang Xingsheng","","",""
549,0,"河南江北行省(元)","Henan Jiangbei Xingsheng","","",""
550,0,"陝西行省(元)","Shanxi Xingsheng","","",""
551,0,"四川行省(元)","Sichuan Xingsheng","","",""
552,0,"甘肅行省(元)","Gansu Xingsheng","","",""
553,0,"哈密力(元)","Hamili","","",""
554,0,"北庭(元)","Beiting","","",""
555,0,"哈刺火州(元)","Hacihuozhou","","",""
556,0,"雲南行省(元)","Yunnan Xingsheng","","",""
557,0,"江浙行省(元)","Jiangzhe Xingsheng","","",""
558,0,"江西行省(元)","Jiangxi Xingsheng","","",""
559,0,"湖廣行省(元)","Huguang Xingsheng","","",""
560,0,"宣政院轄地(元)","Xuanzheng Yuan","","",""
561,0,"中京道(遼)","Zhongjing Dao","","",""
562,0,"上京道(遼)","Shangjing Dao","","",""
563,0,"東京道(遼)","Dongjing Dao","","",""
564,0,"南京道(遼)","Nanjing Dao","","",""
565,0,"西京道(遼)","Xijing Dao","","",""
566,0,"京畿路(北宋)","Jingji Lu","","",""
567,0,"京西南路(北宋)","Jingxinan Lu","","",""
568,0,"京西北路(北宋)","Jingxibei Lu","","",""
569,0,"京東東路(北宋)","Jingdongdong Lu","","",""
570,0,"京東西路(北宋)","Jingdongxi Lu","","",""
571,0,"河北東路(北宋)","Hebeidong Lu","","",""
572,0,"河北西路(北宋)","Hebeixi Lu","","",""
573,0,"河東路(北宋)","Hedong Lu","","",""
574,0,"永興軍路(北宋)","Yongxingjun Lu","","",""
575,0,"秦鳳路(北宋)","Qinfeng Lu","","",""
576,0,"淮南東路(北宋)","Huainandong Lu","","",""
577,0,"淮南西路(北宋)","Huainanxi Lu","","",""
578,0,"兩浙路(北宋)","Liangzhe Lu","","",""
579,0,"江南西路(北宋)","Jiangnanxi Lu","","",""
580,0,"江南東路(北宋)","Jiangnandong Lu","","",""
581,0,"荊湖南路(北宋)","Jinghunan Lu","","",""
582,0,"荊湖北路(北宋)","Jinghubei Lu","","",""
583,0,"成都府路(北宋)","Chengdufu Lu","","",""
584,0,"梓州路(北宋)","Zizhou Lu","","",""
585,0,"利州路(北宋)","Lizhou Lu","","",""
586,0,"夔州路(北宋)","Kuizhou Lu","","",""
587,0,"福建路(北宋)","Fujian Lu","","",""
588,0,"廣南東路(北宋)","Guangnandong Lu","","",""
589,0,"廣南西路(北宋)","Guangnanxi Lu","","",""
590,0,"中都路(金)","Zhongdu Lu","","",""
591,0,"河北東路(金)","Hebeidong Lu","","",""
592,0,"河北西路(金)","Hebeixi Lu","","",""
593,0,"大名府路(金)","Damingfu Lu","","",""
594,0,"上京路(金)","Shangjing Lu","","",""
595,0,"咸平路(金)","Xianping Lu","","",""
596,0,"東京路(金)","Dongjing Lu","","",""
597,0,"北京路(金)","Beijing Lu","","",""
598,0,"臨潢府路(金)","Linhuangfu Lu","","",""
599,0,"西京路(金)","Xijing Lu","","",""
600,0,"南京路(金)","Nanjing Lu","","",""
601,0,"山東東路(金)","Shandongdong Lu","","",""
602,0,"山東西路(金)","Shandongxi Lu","","",""
603,0,"河東北路(金)","Hedongbei Lu","","",""
604,0,"河東南路(金)","Hedongnan Lu","","",""
605,0,"京兆府路(金)","Jingzhaofu Lu","","",""
606,0,"鳳翔路(金)","Fengxiang Lu","","",""
607,0,"慶原路(金)","Qingyuan Lu","","",""
608,0,"臨洮路(金)","Lintao Lu","","",""
609,0,"鄜延路(金)","Luyan Lu","","",""
610,0,"兩浙西路(南宋)","Liangzhexi Lu","","",""
611,0,"兩浙東路(南宋)","Liangzhedong Lu","","",""
612,0,"江南東路(南宋)","Jiangnandong Lu","","",""
613,0,"江南西路(南宋)","Jiangnanxi Lu","","",""
614,0,"淮南東路(南宋)","Huainandong Lu","","",""
615,0,"淮南西路(南宋)","Huainanxi Lu","","",""
616,0,"荊湖南路(南宋)","Jinghunan Lu","","",""
617,0,"荊湖北路(南宋)","Jinghubei Lu","","",""
618,0,"京西南路(南宋)","Jingxinan Lu","","",""
619,0,"廣南東路(南宋)","Guangnandong Lu","","",""
620,0,"廣南西路(南宋)","Guangnanxi Lu","","",""
621,0,"福建路(南宋)","Fujian Lu","","",""
622,0,"成都府路(南宋)","Chengdufu Lu","","",""
623,0,"潼川府路(南宋)","Tongchuanfu Lu","","",""
624,0,"夔州路(南宋)","Kuizhou Lu","","",""
625,0,"利州東路(南宋)","Lizhoudong Lu","","",""
626,0,"利州西路(南宋)","Lizhouxi Lu","","",""
627,516,"吳江","Wujiang","","江蘇吳江","Jiangsu Wujiang"
628,527,"仁和","Renhe","","浙江杭州","Zhejiang Hangzhou"
629,527,"錢塘","Qiantang","","浙江杭州","Zhejiang Hangzhou"
630,527,"鎮海","Zhenhai","","浙江鎮海","Zhejiang Zhenhai"
631,516,"華亭","Huating","","上海松江","Shanghai Songjiang"
632,524,"邛州","Qiongzhou","","四川邛崍","Sichuan Qionglai"
633,0,"北魏(南北朝)","Beiwei","","",""
634,633,"霸城","Bacheng","","陝西西安","Shanxi Xi'an"
638,0,"京畿道(唐)","Jingji Dao","","",""
639,0,"都畿道(唐)","Duji Dao","","",""
640,0,"山南東道(唐)","Shannandong Dao","","",""
641,0,"山南西道(唐)","Shannanxi Dao","","",""
642,0,"淮南道(唐)","Huainan Dao","","",""
643,0,"黔中道(唐)","Qianzhong Dao","","",""
644,0,"隴右道(唐)","Longyou Dao","","",""
645,0,"岭南道(唐)","Lingnan Dao","","",""
646,0,"梁(五代)","Liang","","",""
647,0,"晉(五代)","Jin","","",""
648,0,"歧(五代)","Qi","","",""
649,0,"唐(五代)","Tang","","",""
650,0,"漢(五代)","Han","","",""
651,0,"周(五代)","Zhou","","",""
652,0,"北漢(五代)","Beihan","","",""
653,0,"吳(五代)","Wu","","",""
654,0,"吳越(五代)","Wuyue","","",""
655,0,"閔(五代)","Min","","",""
656,0,"南唐(五代)","Nantang","","",""
657,0,"蜀(五代)","Shu","","",""
770,657,"臨卬","Lin'ang","","四川邛崍","Sichuan Qionglai"
659,0,"南漢(五代)","Nanhan","","",""
660,0,"楚(五代)","Chu","","",""
661,0,"南平(五代)","Nanping","","",""
662,0,"長和(五代)","Changhe","","",""
663,0,"河南諸郡(隋)","Henan Zhujun","","",""
664,0,"關隴諸郡(隋)","Guanlong Zhujun","","",""
665,0,"河西諸郡(隋)","Hexi Zhujun","","",""
666,0,"巴漢諸郡(隋)","Bahan Zhujun","","",""
667,0,"岷蜀諸郡(隋)","Minshu Zhujun","","",""
668,0,"河北諸郡(隋)","Hebei Zhujun","","",""
669,0,"河東諸郡(隋)","Hedong Zhujun","","",""
670,0,"遼西諸郡(隋)","Liaoxi Zhujun","","",""
671,0,"淮南江表諸郡(隋)","Huainan Jiangbiao Zhujun","","",""
672,0,"岭南諸郡(隋)","Lingnan Zhujun","","",""
673,0,"江漢沅湘諸郡(隋)","Jiang Han Yuan Xiang Zhujun","","",""
674,0,"南寧地區(隋)","Nanning Diqu","","",""
675,0,"東晉(東晉十六國)","Dongjin","","",""
676,0,"成(東晉十六國)","Cheng","","",""
677,0,"前趙(東晉十六國)","Qianzhao","","",""
678,0,"前涼(東晉十六國)","Qianliang","","",""
679,0,"後趙(東晉十六國)","Houzhao","","",""
680,0,"前秦(東晉十六國)","Qianqin","","",""
681,0,"前燕(東晉十六國)","Qianyan","","",""
682,0,"代(東晉十六國)","Dai","","",""
683,0,"後秦(東晉十六國)","Houqin","","",""
684,0,"後燕(東晉十六國)","Houyan","","",""
685,0,"西秦(東晉十六國)","Xiqin","","",""
686,0,"後涼(東晉十六國)","Houliang","","",""
694,0,"司州(魏-三國)","Sizhou","","",""
688,0,"南涼(東晉十六國)","Nanliang","","",""
689,0,"北涼(東晉十六國)","Beiliang","","",""
690,0,"西涼(東晉十六國)","Xiliang","","",""
691,0,"南燕(東晉十六國)","Nanyan","","",""
692,0,"夏(東晉十六國)","Xia","","",""
693,0,"北燕(東晉十六國)","Beiyan","","",""
695,0,"兗州(魏-三國)","Yanzhou","","",""
696,0,"豫州(魏-三國)","Yuzhou","","",""
697,0,"揚州(魏-三國)","Yangzhou","","",""
698,0,"徐州(魏-三國)","Xuzhou","","",""
699,0,"青州(魏-三國)","Qingzhou","","",""
700,0,"冀州(魏-三國)","Jizhou","","",""
701,0,"并州(魏-三國)","Bingzhou","","",""
702,0,"幽州(魏-三國)","Youzhou","","",""
703,0,"雍州(魏-三國)","Yongzhou","","",""
704,0,"涼州(魏-三國)","Liangzhou","","",""
705,0,"荊州(魏-三國)","Jingzhou","","",""
706,0,"西域長史府(魏-三國)","Xiyu Zhangshifu","","",""
707,0,"益州(蜀漢-三國)","Yizhou","","",""
708,0,"揚州(吳-三國)","Yangzhou","","",""
709,0,"荊州(吳-三國)","Jingzhou","","",""
710,0,"交州(吳-三國)","Jiaozhou","","",""
711,0,"司州(西晉)","Sizhou","","",""
712,0,"兗州(西晉)","Yanzhou","","",""
713,0,"豫州(西晉)","Yuzhou","","",""
714,0,"冀州(西晉)","Jizhou","","",""
715,0,"并州(西晉)","Bingzhou","","",""
716,0,"幽州(西晉)","Youzhou","","",""
717,0,"平州(西晉)","Pingzhou","","",""
718,0,"雍州(西晉)","Yongzhou","","",""
719,0,"秦州(西晉)","Qinzhou","","",""
720,0,"涼州(西晉)","Liangzhou","","",""
721,0,"梁州(西晉)","Liangzhou","","",""
722,0,"益州(西晉)","Yizhou","","",""
723,0,"寧州(西晉)","Ningzhou","","",""
724,0,"青州(西晉)","Qingzhou","","",""
725,0,"徐州(西晉)","Xuzhou","","",""
726,0,"荊州(西晉)","Jingzhou","","",""
727,0,"揚州(西晉)","Yangzhou","","",""
728,0,"交州(西晉)","Jiaozhou","","",""
729,0,"廣州(西晉)","Guangzhou","","",""
730,0,"西域長史府(西晉)","Xiyu Zhangshifu","","",""
731,0,"關中諸郡(秦)","Guanzhong Zhujun","","",""
732,0,"山東南部諸郡(秦)","Shandong Nanbu Zhujun","","",""
733,0,"山東北部諸郡(秦)","Shandong Beibu Zhujun","","",""
734,0,"淮漢以南諸郡(秦)","Huaihan Yinan Zhujun","","",""
735,0,"司隸部(西漢)","Sili Bu","","",""
736,0,"并州刺史部(西漢)","Bingzhou Cishibu","","",""
737,0,"朔方刺史部(西漢)","Shuofang Cishibu","","",""
738,0,"兗州刺史部(西漢)","Yanzhou Cishibu","","",""
739,0,"豫州刺史部(西漢)","Yuzhou Cishibu","","",""
740,0,"青州刺史部(西漢)","Qingzhou Cishibu","","",""
741,0,"徐州刺史部(西漢)","Xuzhou Cishibu","","",""
742,0,"東郡北海間諸郡(西漢)","Dongjun Beihai Jian Zhujun","","",""
743,0,"荊州刺史部(西漢)","Jingzhou Cishibu","","",""
744,0,"揚州刺史部(西漢)","Yangzhou Cishibu","","",""
745,0,"冀州刺史部(西漢)","Jizhou Cishibu","","",""
746,0,"幽州刺史部(西漢)","Youzhou Cishibu","","",""
747,0,"益州刺史部(西漢)","Yizhou Cishibu","","",""
749,0,"涼州刺史部(西漢)","Liangzhou Cishibu","","",""
750,0,"交阯刺史部(西漢)","Jiaozhi Cishibu","","",""
751,0,"西域都護府(西漢)","Xiyu Duhufu","","",""
752,0,"匈奴等部(西漢)","Xiongnu Deng Bu","","",""
753,0,"司隸校尉部(東漢)","Sili Jiaowei Bu","","",""
754,0,"豫州刺史部(東漢)","Yuzhou Cishibu","","",""
755,0,"兗州刺史部(東漢)","Yanzhou Cishibu","","",""
756,0,"徐州刺史部(東漢)","Xuzhou Cishibu","","",""
757,0,"青州刺史部(東漢)","Qingzhou Cishibu","","",""
758,0,"東郡齊國間諸郡(東漢)","Dongjun Qiguo Jian Zhujun","","",""
759,0,"冀州刺史部(東漢)","Jizhou Cishibu","","",""
760,0,"荊州刺史部(東漢)","Jingzhou Cishibu","","",""
761,0,"揚州刺史部(東漢)","Yangzhou Cishibu","","",""
762,0,"益州刺史部(東漢)","Yizhou Cishibu","","",""
764,0,"涼州刺史部(東漢)","Liangzhou Cishibu","","",""
765,0,"并州刺史部(東漢)","Bingzhou Cishibu","","",""
766,0,"幽州刺史部(東漢)","Youzhou Cishibu","","",""
767,0,"交州刺史部(東漢)","Jiaozhou Cishibu","","",""
768,0,"西域都護府(東漢)","Xiyu Duhufu","","",""
769,0,"鮮卑等部(東漢)","Xianbei Deng Bu","","",""
771,640,"襄陽","Xiangyang","","湖北襄樊","Hubei Xiangfan"
772,587,"晉江","Jinjiang","","福建晉江","Fujian Jinjiang"
773,579,"臨川","Linchuan","","江西撫州","Jiangxi Fuzhou"
775,549,"江都","Jiangdu","","江蘇揚州","Jiangsu Yangzhou"
776,611,"鹽官","Yanguan","","浙江海寧","Zhejiang Haining"
777,566,"祥符","Xiangfu","","河南開封","Henan Kaifeng"
778,610,"臨安","Lin'an","","浙江杭州","Zhejiang Hangzhou"
779,546,"大同","Datong","","山西大同","Shanxi Datong"
780,557,"龍游","Longyou","","浙江龍游","Zhejiang Longyou"
781,557,"臨海","Linhai","","浙江臨海","Zhejiang Linhai"
782,557,"龍泉","Longquan","","浙江龍泉","Zhejiang Longquan"
792,557,"德清","Deqing","","浙江德清","Zhejiang Deqing"
784,557,"錢塘","Qiantang","","浙江杭州","Zhejiang Hangzhou"
785,558,"吉安","Ji'an","","江西吉安","Jiangxi Ji'an"
786,617,"岳州","Yuezhou","","湖南岳陽","Hunan Yueyang"
787,578,"杭州","Hangzhou","","浙江杭州","Zhejiang Hangzhou"
788,574,"長安","Chang'an","","陝西西安","Shanxi Xi'an"
789,605,"長安","Chang'an","","陝西西安","Shanxi Xi'an"
791,579,"武寧","Wuning","","江西武寧","Jiangxi Wuning"
793,794,"錢唐","Qiantang","","浙江杭州","Zhejiang Hangzhou"
794,0,"齊(南北朝)","Qi","","",""
795,557,"平江","Pingjiang","","江蘇蘇州","Jiangsu Suzhou"
796,578,"湖州","Huzhou","","浙江湖州","Zhejiang Huzhou"
797,42,"鄒縣","Zou Xian","","山東鄒城","Shandong Zoucheng"
798,3,"蘇州","Suzhou","","江蘇蘇州","Jiangsu Suzhou"
799,20,"古田","Gutian","","福建古田","Fujian Gutian"
801,800,"吳縣","Wu Xian","","江蘇吳縣","Jiangsu Wu Xian"
802,485,"長城","Changcheng","","浙江長興","Zhejiang Changxing"
803,20,"晉江","Jinjiang","","福建晉江","Fujian Jinjiang"
804,20,"龍溪","Longxi","","福建漳州","Fujian Zhangzhou"
805,743,"稚歸","Zigui","","湖北稚歸","Hubei Zigui"
808,20,"平和","Pinghe","","福建平和","Fujian Pinghe"
809,20,"長泰","Changtai","","福建長泰","Fujian Changtai"
810,20,"延平","Yanping","","福建南平","Fujian Nanping"
811,20,"建安","Jian'an","","福建建甌","Fujian Jian‘ou"
812,0,"遼","Liao","","",""
813,20,"建寧","Jianning","","福建建甌","Fujian Jian'ou"
814,20,"光澤","Guangze","","福建光澤","Fujian Guangze"
815,20,"汀州","Tingzhou","","福建長汀","Fujian Changting"
816,20,"長汀","Changting","","福建長汀","Fujian Changting"
817,20,"清流","Qingliu","","福建清流","Fujian Qingliu"
818,20,"福安","Fuan","","福建福安","Fujian Fuan"
819,20,"歸化","Guihua","","福建明溪","Fujian Mingxi"
820,20,"德化","Dehua","","福建德化","Fujian Dehua"
821,761,"上虞","Shangyu","","浙江上虞","Zhejiang Shangyu"
822,762,"廣漢","Guanghan","","四川廣漢","Sichuan Guanghan"
823,767,"博羅","Boluo","","廣東博羅","Guangdong Boluo"
824,711,"安邑","Anyi","","山西夏縣","Shanxi Xia Xian"
825,633,"柏人","Boren","","河北隆堯","Hebei Longyao"
826,0,"宋(宋-南北朝)","Song","","",""
827,826,"烏程","Wucheng","","浙江湖州","Zhejiang Huzhou"
828,483,"鄄城","Juancheng","","山東鄄城","Shandong Juancheng"
829,494,"博野","Boye","","河北博野","Hebei Boye"
830,494,"范陽","Fanyang","","河北涿州","Hebei Zhuozhou"
831,483,"滑州","Huazhou","","河南滑縣","Henan Hua Xian"
832,492,"樂平","Leping","","江西德興","Jiangxi Dexing"
833,484,"屯留","Tunliu","","山西屯留","Shanxi Tunliu"
834,492,"豫章","Yuzhang","","江西南昌","Jiangxi Nanchang"
835,485,"永嘉","Yongjia","","浙江溫州","Zhejiang Wenzhou"
836,644,"成紀","Chengji","","甘肅秦安","Gansu Qin'an"
837,642,"山陽","Shanyang","","江蘇淮安","Jiangsu Huaian"
838,587,"莆田","Putian","","福建莆田","Fujian Putian"
839,578,"上虞","Shangyu","","浙江上虞","Zhejiang Shangyu"
840,580,"都昌","Duchang","","江西都昌","Jiangxi Duchang"
841,612,"蕪湖","Wuhu","","安徽蕪湖","Anhui Wuhu"
842,570,"禹城","Yucheng","","山東禹城","Shandong Yucheng"
843,613,"南豐","Nanfeng","","江西南豐","Jiangxi Nanfeng"
844,570,"定陶","Dingtao","","山東定陶","Shandong Dingtao"
845,611,"鄞縣","Yin Xian","","浙江寧波","Zhejiang Ningbo"
846,572,"湯陰","Tangyin","","河南湯陰","Henan Tangyin"
847,549,"宜陽","Yiyang","","河南宜陽","Henan Yiyang"
848,557,"宣城","Xuancheng","","安徽宣城","Anhui Xuancheng"
849,546,"河內","Henei","","河南沁陽","Henan Qinyang"
850,549,"應城","Yingcheng","","湖北應城","Hubei Yingcheng"
851,557,"浦城","Pucheng","","福建浦城","Fujian Pucheng"
852,517,"招遠","Zhaoyuan","","山東招遠","Shandong Zhaoyuan"
853,525,"鄱陽","Poyang","","江西波陽","Jiangxi Boyang"
854,516,"無錫","Wuxi","","江蘇無錫","Jiangsu Wuxi"
855,516,"太湖","Taihu","","安徽太湖","Anhui Taihu"
856,516,"貴池","Guichi","","安徽貴池","Anhui Guichi"
857,522,"武功","Wugong","","陝西武功","Shanxi Wugong"
858,515,"武邑","Wuyi","","河北武邑","Hebei Wuyi"
859,521,"汝陽","Ruyang","","河南汝南","Henan Runan"
860,526,"宜章","Yizhang","","湖南宜章","Hunan Yizhang"
861,515,"慶雲","Qingyun","","河北慶雲","Hebei Qingyun"
862,528,"長樂","Changle","","福建長樂","Fujian Changle"
863,527,"嘉興","Jiaxing","","浙江嘉興","Zhejiang Jiaxing"
864,557,"長洲","Changzhou","","江蘇蘇州","Jiangsu Suzhou"
865,44,"慈溪","Cixi","","浙江慈溪","Zhejiang Cixi"
866,130,"吉州","Jizhou","","山西吉縣","Shanxi Ji Xian"
867,42,"沂水","Yishui","","山東沂水","Shandong Yishui"
868,747,"南鄭","Nanzheng","","陝西南鄭","Shanxi Nanzheng"
869,755,"壽張","Shouzhang","","山東東平","Shandong Dongping"
870,701,"茲氏","Zishi","","山西汾陽","Shanxi Fenyang"
871,705,"襄陽","Xiangyang","","湖北襄樊","Hubei Xiangfan"
872,712,"薛縣","Xue Xian","","山東薛城","Shandong Xuecheng"
873,712,"宛句","Wanju","","山東荷澤","Shandong Heze"
874,794,"晉陵","Jinling","","江蘇常州","Jiangsu Changzhou"
875,726,"柴桑","Chaisang","","江西九江","Jiangxi Jiujiang"
876,671,"豫章","Yuzhang","","江西南昌","Jiangxi Nanchang"
877,638,"新豐","Xinfeng","","陝西西安","Shanxi Xi'an"
878,638,"萬年","Wannian","","陝西長安","Shanxi Chang'an"
879,485,"錢塘","Qiantang","","浙江杭州","Zhejiang Hangzhou"
880,492,"武陵","Wuling","","湖南常德","Hunan Changde"
881,494,"清河","Qinghe","","山東臨清","Shandong Linqing"
882,587,"長樂","Changle","","福建長樂","Fujian Changle"
883,602,"贛榆","Ganyu","","江蘇贛榆","Jiangsu Ganyu"
885,583,"雒縣","Luo Xian","","四川金堂","Sichuan Jintang"
886,587,"仙游","Xianyou","","福建仙游","Fujian Xianyou"
887,621,"福清","Fuqing","","福建福清","Fujian Fuqing"
889,600,"許州","Xuzhou","","河南許昌","Henan Xuchang"
890,546,"鄒平","Zouping","","山東鄒平","Shandong Zouping"
891,546,"大名","Daming","","河北大名","Hebei Daming"
892,546,"真定","Zhending","","河北正定","Hebei Zhengding"
893,557,"蕭山","Xiaoshan","","浙江蕭山","Zhejiang Xiaoshan"
894,546,"房山","Fangshan","","北京房山","Beijing Fangshan"
895,516,"宿州","Suzhou","","安徽宿州","Anhui Suzhou"
896,525,"南昌","Nanchang","","江西南昌","Jiangxi Nanchang"
897,527,"慈溪","Cixi","","浙江慈溪","Zhejiang Cixi"
898,516,"六合","Liuhe","","江蘇六合","Jiangsu Liuhe"
899,527,"奉化","Fenghua","","浙江奉化","Zhejiang Fenghua"
900,516,"長洲","Changzhou","","江蘇蘇州","Jiangsu Suzhou"
901,516,"鄞縣","Yin Xian","","浙江寧波","Zhejiang Ningbo"
902,527,"瑞安","Ruian","","浙江瑞安","Zhejiang Ruian"
903,526,"武陵","Wuling","","湖南常德","Hunan Changde"
904,527,"永嘉","Yongjia","","浙江溫州","Zhejiang Wenzhou"
905,515,"雞澤","Jize","","河北雞澤","Hebei Jize"
906,515,"大城","Dacheng","","河北大城","Hebei Dacheng"
907,516,"五河","Wuhe","","安徽五河","Anhui Wuhe"
908,515,"容城","Rongcheng","","河北容城","Hebei Rongcheng"
909,1,"茂名","Maoming","","廣東高州","Guangdong Gaozhou"
910,0,"魯(春秋)","Lu","","",""
911,910,"莒父","Jufu","","山東莒縣","Shandong Ju Xian"
912,0,"齊(戰國)","Qi","","",""
913,912,"無鹽","Wuyan","","山東東平","Shandong Dongping"
914,759,"邯鄲","Handan","","河北邯鄲","Hebei Handan"
915,736,"樓煩","Loufan","","山西寧武","Shanxi Ningwu"
916,20,"連城","Liancheng","","福建連城","Fujian Liancheng"
917,912,"即墨","Jimo","","山東平度","Shandong Pingdu"
918,745,"元城","Yuancheng","","河北大名","Hebei Daming"
919,757,"臨菑","Linzi","","山東臨淄","Shandong Linzi"
920,755,"圉縣","Yu Xian","","河南杞縣","Henan Qi Xian"
921,735,"安陵","Anling","","陝西咸陽","Shanxi Xianyang"
922,700,"廣宗","Guangzong","","河北威縣","Hebei Wei Xian"
923,698,"開陽","Kaiyang","","山東臨沂","Shandong Linyi"
924,708,"丹陽","Danyang","","江蘇南京","Jiangsu Nanjing"
925,712,"任城","Rencheng","","山東濟寧","Shandong Jining"
926,727,"吳興","Wuxing","","浙江湖州","Zhejiang Huzhou"
927,712,"濮陽","Puyang","","河南濮陽","Henan Puyang"
928,44,"杭州","Hangzhou","","浙江杭州","Zhejiang Hangzhou"
929,638,"華陰","Huayin","","陝西華陰","Shanxi Huayin"
930,494,"南宮","Nangong","","河北南宮","Hebei Nangong"
931,578,"新城","Xincheng","","浙江富陽","Zhejiang Fuyang"
932,524,"宜賓","Yibin","","四川宜賓","Sichuan Yibin"
933,516,"鳳陽","Fengyang","","安徽鳳陽","Anhui Fengyang"
934,516,"海寧","Haining","","浙江海寧","Zhejiang Haining"
935,525,"鉛山","Yanshan","","江西鉛山","Jiangxi Yanshan"
936,527,"山陰","Shanyin","","浙江紹興","Zhejiang Shaoxing"
937,524,"遂寧","Suining","","四川遂寧","Sichuan Suining"
938,528,"莆田","Putian","","福建莆田","Fujian Putian"
939,516,"當塗","Dangtu","","安徽當塗","Anhui Dangtu"
940,611,"婺州","Wuzhou","","浙江金華","Zhejiang Jinhua"
941,578,"秀州","Xiuzhou","","浙江嘉興","Zhejiang Jiaxing"
942,580,"江寧","Jiangning","","江蘇南京","Jiangsu Nanjing"
943,587,"福州","Fuzhou","","福建福州","Fujian Fuzhou"
944,759,"毋極","Wuji","","河北無極","Hebei Wuji"
945,557,"嵊縣","Sheng Xian","","浙江嵊州","Zhejiang Shengzhou"
946,746,"安平","Anping","","河北安平","Hebei Anping"
947,741,"東武","Dongwu","","山東諸城","Shandong Zhucheng"
948,754,"征羌","Zhengqiang","","河南偃城","Henan Yancheng"
949,700,"清河","Qinghe","","山東臨清","Shandong Linqing"
950,699,"黃縣","Huang Xian","","山東黃縣","Shandong Huang Xian"
951,727,"新淦","Xingan","","江西樟樹","Jiangxi Zhangshu"
952,727,"富春","Fuchun","","浙江富陽","Zhejiang Fuyang"
953,711,"新安","Xin'an","","河南渑池","Henan Mianchi"
954,633,"清河","Qinghe","","山東臨清","Shandong Linqing"
955,669,"上黨","Shangdang","","山西長治","Shanxi Changzhi"
956,668,"清河","Qinghe","","山東臨清","Shandong Linqing"
957,663,"新城","Xincheng","","河南內鄉","Henan Neixiang"
958,484,"安平","Anping","","河北安平","Hebei Anping"
959,483,"匡城","Kuangcheng","","河南長垣","Henan Changyuan"
960,483,"漣水","Lianshui","","江蘇漣水","Jiangsu Lianshui"
961,638,"華原","Huayuan","","陝西耀縣","Shanxi Yao Xian"
962,551,"眉州","Meizhou","","四川眉山","Sichuan Meishan"
963,558,"上猶","Shangyou","","江西上猶","Jiangxi Shangyou"
964,559,"富川","Fuchuan","","廣西鐘山","Guangxi Zhongshan"
965,557,"天台","Tiantai","","浙江天台","Zhejiang Tiantai"
966,521,"祥符","Xiangfu","","河南開封","Henan Kaifeng"
967,516,"繁昌","Fanchang","","安徽繁昌","Anhui Fanchang"
968,529,"海康","Haikang","","廣東海康","Guangdong Haikang"
969,522,"朝邑","Chaoyi","","陝西大荔","Shanxi Dali"
970,527,"會稽","Kuaiji","","浙江紹興","Zhejiang Shaoxing"
971,526,"漵浦","Xupu","","湖南漵浦","Hunan Xupu"
972,528,"甌寧","Ouning","","福建建甌","Fujian Jian'ou"
973,515,"沙河","Shahe","","河北邢臺","Hebei Xingtai"
974,515,"邢臺","Xingtai","","河北邢臺","Hebei Xingtai"
975,515,"阜城","Fucheng","","河北阜城","Hebei Fucheng"
976,521,"上蔡","Shangcai","","河南上蔡","Henan Shangcai"
977,516,"丹陽","Danyang","","江蘇丹陽","Jiangsu Danyang"
978,516,"潁州","Yingzhou","","安徽阜陽","Anhui Fuyang"
979,526,"石首","Shishou","","湖北石首","Hubei Shishou"
980,515,"漷縣","Guo Xian","","北京通州","Beijing Tongzhou"
981,526,"黃陂","Huangpi","","湖北黃陂","Hubei Huangpi"
982,584,"銅山","Tongshan","","四川中江","Sichuan Zhongjiang"
983,579,"廬陵","Luling","","江西吉安","Jiangxi Ji'an"
984,583,"眉州","Meizhou","","四川眉山","Sichuan Meishan"
985,568,"洛陽","Luoyang","","河南洛陽","Henan Luoyang"
986,574,"聞喜","Wenxi","","山西聞喜","Shanxi Wenxi"
987,622,"綿竹","Mianzhu","","四川綿竹","Sichuan Mianzhu"
988,621,"浦城","Pucheng","","福建浦城","Fujian Pucheng"
989,617,"漢陽","Hanyang","","湖北武漢","Hubei Wuhan"
990,612,"弋陽","Yiyang","","江西弋陽","Jiangxi Yiyang"
991,589,"恭城","Gongcheng","","廣西恭城","Guangxi Gongcheng"
992,578,"龍游","Longyou","","浙江龍游","Zhejiang Longyou"
993,586,"達州","Dazhou","","四川達縣","Sichuan Da Xian"
994,616,"長沙","Changsha","","湖南長沙","Hunan Changsha"
995,613,"永新","Yongxin","","江西永新","Jiangxi Yongxin"
996,613,"臨川","Linchuan","","江西撫州","Jiangxi Fuzhou"
997,573,"盂縣","Yu Xian","","山西盂縣","Shanxi Yu Xian"
998,593,"莘縣","Xin Xian","","山東莘縣","Shandong Xin Xian"
999,669,"河東","Hedong","","山西永濟","Shanxi Yongji"
1000,494,"邯鄲","Handan","","河北邯鄲","Hebei Handan"
1001,483,"臨淄","Linzi","","山東桓台","Shandong Huantai"
1002,642,"揚州","Yangzhou","","江蘇揚州","Jiangsu Yangzhou"
1003,638,"奉天","Fengtian","","陝西乾縣","Shanxi Qian Xian"
1004,484,"聞喜","Wenxi","","山西聞喜","Shanxi Wenxi"
1005,655,"建陽","Jianyang","","福建建陽","Fujian Jianyang"
1006,227,"商丘","Shangqiu","","河南商丘","Henan Shangqiu"
1007,272,"盩厔","Zhouzhi","","陝西周至","Shanxi Zhouzhi"
1008,719,"狄道","Didao","","甘肅臨洮","Gansu Linyao"
1009,633,"滎陽","Yingyang","","河南滎陽","Henan Yingyang"
1010,633,"涇州","Jingzhou","","甘肅涇川","Gansu Jingchuan"
1011,696,"譙郡","Qiaojun","","安徽亳州","Anhui Bozhou"
1012,762,"楪榆","Dieyu","","雲南大理","Yunnan Dali"
1013,747,"葉榆","Yeyu","","雲南大理","Yunnan Dali"
1014,739,"沛郡","Peijun","","安徽淮北","Anhui Huaibei"
1015,760,"宜城","Yicheng","","湖北宜城","Hubei Yicheng"
1016,747,"僰道","Bodao","","四川宜賓","Sichuan Yibin"
1017,526,"安陸","Anlu","","湖北安陸","Hubei Anlu"
1018,516,"盱眙","Xuyi","","江蘇盱眙","Jiangsu Xuyi"
1019,522,"盩厔","Zhouzhi","","陝西周至","Shanxi Zhouzhi"
1020,530,"陽朔","Yangshuo","","廣西陽朔","Guangxi Yangshuo"
1021,527,"海鹽","Haiyan","","浙江海鹽","Zhejiang Haiyan"
1022,529,"東莞","Dongguan","","廣東東莞","Guangdong Dongguan"
1023,521,"禹州","Yuzhou","","河南禹州","Henan Yuzhou"
1024,526,"嘉魚","Jiayu","","湖北嘉魚","Hubei Jiayu"
1025,526,"江華","Jianghua","","湖南江華","Hunan Jianghua"
1026,527,"烏程","Wucheng","","浙江湖州","Zhejiang Huzhou"
1027,521,"睢州","Suizhou","","河南睢縣","Henan Sui Xian"
1028,516,"金壇","Jintan","","江蘇金壇","Jiangsu Jintan"
1029,20,"建陽","Jianyang","","福建建陽","Fujian Jianyang"
1030,522,"膚施","Fushi","","陝西延安","Shanxi Yan'an"
1031,519,"沁水","Qinshui","","山西沁水","Shanxi Qinshui"
1032,115,"滿城","Mancheng","","河北保定","Hebei Baoding"
1033,130,"懷仁","Huairen","","山西懷仁","Shanxi Huairen"
1034,44,"奉化","Fenghua","","浙江奉化","Zhejiang Fenghua"
1035,527,"諸暨","Zhuji","","浙江諸暨","Zhejiang Zhuji"
1036,227,"新鄭","Xinzheng","","河南新鄭","Henan Xinzheng"
1037,44,"遂安","Suian","","*為千島湖所淹",""
1038,145,"荔浦","Lipu","","廣西荔浦","Guangxi Lipu"
1039,145,"博白","Bobai","","廣西博白","Guangxi Bobai"
1040,558,"潮陽","Chaoyang","","廣東潮陽","Guangdong Chaoyang"
1041,621,"寧化","Ninghua","","福建寧化","Fujian Ninghua"
1042,580,"貴溪","Guixi","","江西貴溪","Jiangxi Guixi"
1043,585,"閬州","Langzhou","","四川閬中","Sichuan Langzhong"
1044,571,"阜城","Fucheng","","河北阜城","Hebei Fucheng"
1045,583,"郫縣","Pi Xian","","四川郫縣","Sichuan Pi Xian"
1046,564,"營州","Yingzhou","","河北昌黎","Hebei Changli"
1047,708,"富春","Fuchun","","浙江富陽","Zhejiang Fuyang"
1048,700,"高陽","Gaoyang","","河北高陽","Hebei Gaoyang"
1049,711,"懷縣","Huai Xian","","河南武陟","Henan Wuzhi"
1050,711,"曲梁","Quliang","","河北曲周","Hebei Quzhou"
1051,722,"郪縣","Qi Xian","","四川三台","Sichuan Santai"
1052,638,"郿縣","Mei Xian","","陝西眉縣","Shanxi Mei Xian"
1053,494,"衛州","Weizhou","","河南衛輝","Henan Weihui"
1054,483,"青州","Qingzhou","","山東青州","Shandong Qingzhou"
1055,645,"宣化","Xuanhua","","廣西南寧","Guangxi Nanning"
1056,671,"鍾離","Zhongli","","安徽鳳陽","Anhui Fengyang"
1057,645,"南海","Nanhai","","廣東廣州","Guangdong Guangzhou"
1058,484,"盂縣","Yu Xian","","山西盂縣","Shanxi Yu Xian"
1059,724,"臨淄","Linzi","","山東臨淄","Shandong Linzi"
1060,633,"信都","Xindu","","河北冀州","Hebei Jizhou"
1061,633,"巨鹿","Julu","","河北巨鹿","Hebei Julu"
1062,633,"鄃縣","Shu Xian","","山東夏津","Shandong Xiajin"
1063,633,"平原","Pingyuan","","山東平原","Shandong Pingyuan"
1064,794,"臨安","Lin'an","","浙江臨安","Zhejiang Lin'an"
1065,546,"渤海","Bohai","","山東濱州","Shandong Binzhou"
1066,735,"茂陵","Maoling","","陝西興平","Shanxi Xingping"
1067,633,"平陵","Pingling","","陝西咸陽","Shanxi Xianyang"
1068,753,"平陵","Pingling","","陝西咸陽","Shanxi Xianyang"
1069,0,"陳郡(東晉)","Chen Jun","","",""
1070,494,"洹水","Huanshui","","河南安陽","Henan Anyang"
1071,741,"江都","Jiangdu","","江蘇揚州","Jiangsu Yangzhou"
1072,227,"魯山","Lushan","","河南魯山","Henan Lushan"
1073,172,"均州","Junzhou","","湖北丹江口","Hubei Danjiangkou"
1074,91,"蕪湖","Wuhu","","安徽蕪湖","Anhui Wuhu"
1075,145,"靈川","Lingchuan","","廣西靈川","Guangxi Lingchuang"
1076,44,"臨海","Linhai","","浙江臨海","Zhejiang Linhai"
1077,3,"東臺","Dongtai","","江蘇東臺","Jiangsu Dongtai"
1078,91,"貴池","Guichi","","安徽貴池","Anhui Guichi"
1081,0,"正黃旗","Zhenghuangqi","","",""
1082,642,"濠州","Haozhou","","安徽鳳陽","Anhui Fengyang"
1083,42,"文登","Wendeng","","山東文登","Shandong Wendeng"
1084,529,"南海","Nanhai","","廣東廣州","Guangdong Guangzhou"
1085,527,"天台","Tiantai","","浙江天台","Zhejiang Tiantai"
1086,675,"陽翟","Yangzhai","","河南禹州","Henan Yuzhou"
1088,738,"定陶","Dingtao","","山東定陶","Shandong Dingtao"
1089,743,"新野","Xinye","","河南新野","Henan Xinye"
1090,485,"金陵","Jinling","","江蘇南京","Jiangsu Nanjing"
1091,44,"江山","Jiangshan","","浙江江山","Zhejiang Jiangshan"
1092,44,"昌化","Changhua","","浙江臨安","Zhejiang Lin'an"
1093,1094,"武康","Wukang","","浙江德清","Zhejiang Deqing"
1094,0,"陳(南北朝)","Chen","","",""
1124,3,"廣陵","Guangling","","江蘇揚州","Jiangsu Yangzhou"
1095,522,"邠州","Binzhou","","陝西彬縣","Shanxi Bin Xian"
1096,516,"桐城","Tongcheng","","安徽桐城","Anhui Tongcheng"
1097,126,"澧州","Lizhou","","湖南澧縣","Hunan Li Xian"
1098,1094,"長城","Changcheng","","浙江長興","Zhejiang Changxing"
1099,1094,"石城","Shicheng","","湖北鍾祥","Hubei Zhongxiang"
1100,633,"臨涇","Linjing","","甘肅鎮原","Gansu Zhenyuan"
1101,680,"長社","Changshe","","河南長葛","Henan Changge"
1102,826,"東海","Donghai","","江蘇漣水","Jiangsu Lianshui"
1103,1104,"彭城","Pengcheng","","江蘇徐州","Jiangsu Xuzhou"
1104,0,"梁(南北朝)","Liang","","",""
1105,126,"酃縣","Ling Xian","","湖南炎陵","Hunan Yanling"
1106,44,"於潛","Yuqian","","浙江臨安","Zhejiang Lin'an"
1107,130,"靈石","Lingshi","","山西靈石","Shanxi Lingshi"
1108,130,"介休","Jiexiu","","山西介休","Shanxi Jiexiu"
1109,91,"旌德","Jingde","","安徽旌德","Anhui Jingde"
1110,44,"臨安","Lin'an","","浙江杭州","Zhejiang Hangzhou"
1111,20,"連江","Lianjiang","","福建連江","Fujian Lianjiang"
1112,3,"崇明","Chongming","","上海崇明","Shanghai Chongming"
1113,115,"遷安","Qian'an","","河北遷安","Hebei Qian'an"
1114,130,"曲沃","Quwo","","山西曲沃","Shanxi Quwo"
1115,42,"利津","Lijin","","山東利津","Shandong Lijin"
1116,3,"海州","Haizhou","","江蘇連雲港","Jiangsu Lianyungang"
1117,1,"吴川","Wuchuan","","廣東吴川","Guangdong Wuchuan"
1118,44,"瑞安","Ruian","","浙江瑞安","Zhejiang Ruian"
1119,528,"閩縣","Min Xian","","福建福州","Fujian Fuzhou"
1120,44,"武康","Wukang","","浙江德清","Zhejiang Deqing"
1121,516,"常熟","Changshu","","江蘇常熟","Jiangsu Changshu"
1122,516,"嘉善","Jiashan","","浙江嘉善","Zhejiang Jiashan"
1123,516,"上元","Shangyuan","","江蘇南京","Jiangsu Nanjing"
1125,91,"滁州","Chuzhou","","安徽滁州","Anhui Chuzhou"
1126,516,"吳縣","Wu Xian","","江蘇吳縣","Jiangsu Wu Xian"
1127,44,"鎮江","Zhenjiang","","江蘇鎮江","Jiangsu Zhenjiang"
1128,145,"義寧","Yining","","廣西臨桂","Guangxi Lingui"
1129,588,"英州","Yingzhou","","廣東英德","Guangdong Yingde"
1144,44,"雲和","Yunhe","","浙江雲和","Zhejiang Yunhe"
1134,527,"湖州","Huzhou","","浙江湖州","Zhejiang Huzhou"
1135,278,"秦州","Qinzhou","","甘肅天水","Gansu Tianshui"
1136,515,"京師","Jingshi","","北京","Beijing"
1137,516,"南京","Nanjing","","江蘇南京","Jiangsu Nanjing"
1141,44,"定海","Dinghai","","浙江舟山","Zhejiang Zhoushan"
1142,3,"常州","Changzhou","","江蘇常州","Jiangsu Changzhou"
1143,148,"井研","Jingyan","","四川井研","Sichuan Jingyan"
1145,611,"會稽","Kuaiji","","浙江紹興","Zhejiang Shaoxing"
1146,526,"夷陵州","Yilingzhou","","湖北宜昌","Hubei Yichang"
1147,182,"保山","Baoshan","","雲南保山","Yunnan Baoshan"
1161,0,"正藍旗滿洲","Zhenglanqi Manzhou","","",""
1162,278,"寧夏","Ningxia","","寧夏銀川","Ningxia Yinchuan"
1151,0,"鑲白旗滿洲","Xiangbaiqi Manzhou","","",""
1153,0,"正紅旗","Zhenghongqi","","",""
1154,0,"鑲紅旗","Xianghongqi","","",""
1155,0,"正藍旗漢軍","Zhenglanqi Hanjun","","",""
1156,0,"鑲藍旗","Xianglanqi","","",""
1160,0,"正白旗滿洲","Zhengbaiqi Manzhou","","",""
1157,0,"鑲黃旗滿洲","Xianghuangqi Manzhou","","",""
1158,0,"鑲黃旗漢軍","Xianghuangqi Hanjun","","",""
1163,528,"漳浦","Zhangpu","","福建漳浦","Fujian Zhangpu"
1164,20,"福寧","Funing","","福建霞浦","Fujian Xiapu"
1165,91,"新安","Xin'an","","安徽黃山","Anhui Huangshan"
1166,522,"西安","Xi'an","","陝西西安","Shanxi Xi'an"
1167,172,"黃梅","Huangmei","","湖北黃梅","Hubei Huangmei"
1168,44,"當湖","Danghu","","浙江平湖","Zhejiang Pinghu"
1170,20,"崇安","Chongan","","福建武夷山","Fujian Wuyishan"
1171,525,"安福","Anfu","","江西安福","Jiangxi Anfu"
1172,516,"蘇州","Suzhou","","江蘇蘇州","Jiangsu Suzhou"
1173,527,"秀州","Xiuzhou","","浙江嘉興","Zhejiang Jiaxing"
1174,135,"新喻","Xinyu","","江西新餘","Jiangxi Xinyu"
1181,516,"泰州","Taizhou","","江蘇泰州","Jiangsu Taizhou"
1176,495,"下邽","Xiagui","","陝西渭南","Shanxi Weinan"
1177,0,"代北1","Daibei","","",""
1178,44,"蘭谿","Lanxi","","浙江蘭溪","Zhejiang Lanxi"
1179,0,"鑲藍旗漢軍","Xianglanqi Hanjun","","",""
1182,115,"通州","Tongzhou","","北京通州","Beijing Tongzhou"
1183,148,"夔州","Kuizhou","","四川達縣","Sichuan Da Xian"
1184,3,"錫山","Xishan","","江蘇錫山","Jiangsu Xishan"
1185,516,"海昌","Haichang","","浙江海寧","Zhejiang Haining"
1186,130,"岳陽","Yueyang","","山西古縣","Shanxi Gu Xian"
1187,272,"鳳翔","Fengxiang","","陝西鳳翔","Shanxi Fengxiang"
1188,645,"湞陽","Zhenyang","","廣東英德","Guangdong Yingde"
1189,766,"范陽","Fanyang","","河北涿州","Hebei Zhuozhou"
1190,762,"犍為","Qianwei","","四川犍為","Sichuan Qianwei"
1191,663,"譙郡","Qiao Jun","","安徽亳州","Anhui Bozhou"
1192,516,"通州","Tongzhou","","江蘇南通","Jiangsu Nantong"
1193,532,"普安","Puan","","貴州盤縣","Guizhou Pan Xian"
1194,531,"順寧","Shunning","","雲南鳳慶","Yunnan Fengqing"
1195,91,"徽州","Huizhou","","安徽歙縣","Anhui She Xian"
1196,746,"勃海郡","Bohai jun","","",""
1197,42,"蘭陵","Lanling","","山東蘭陵","Shandong Lanling"
1198,0,"潁川(蜀漢-三國)","Yingchuan","","",""
1199,0,"濟南(晉)","Ji'nan","","",""
1200,726,"南陽","Nanyang","","河南南陽","Henan Nanyang"
1201,521,"潁川","Yingchuan","","河南禹州","Henan Yuzhou"
1202,516,"太倉州","Taicang zhou","","江蘇太倉","Jiangsu Taicang"
1203,527,"溫州","Wenzhou","","浙江溫州","Zhejiang Wenzhou"
1204,527,"台州","Taizhou","","浙江臨海","Zhejiang Linhai"
1205,516,"揚州","Yangzhou","","江蘇揚州","Jiangsu Yangzhou"
1206,515,"隆慶州","Longqing zhou","","北京延慶","Beijing Yanqing"
1207,532,"銅仁","Tongren","","貴州銅仁","Guizhou Tongren"
1208,516,"廬州","Luzhou","","安徽合肥","Anhui Hefei"
1209,522,"靜寧州","Jingning zhou","","甘肅靜寧","Gansu Jingning"
1210,527,"金華","Jinhua","","浙江金華","Zhejiang Jinhua"
1211,44,"紹興","Shaoxing","","浙江紹興","Zhejiang Shaoxing"
1212,44,"溫州","Wenzhou","","浙江溫州","Zhejiang Wenzhou"
1213,44,"淳安","Chun'an","","浙江淳安","Zhejiang Chun'an"
1214,227,"汝陽","Ruyang","","河南汝南","Henan Runan"
1215,525,"建昌","Jianchang","","江西南城","Jiangxi Nancheng"
1216,227,"彰德","Zhangde","","河南安陽","Henan Anyang"
1217,42,"萊州","Laizhou","","山東萊州","Shandong Laizhou"
1218,172,"襄陽","Xiangyang","","湖北襄樊","Hubei Xiangfan"
1219,42,"日照","Rizhao","","山東日照","Shandong Rizhao"
1220,91,"池州","Chizhou","","安徽貴池","Anhui Guichi"
1221,272,"涇陽","Jingyang","","陝西涇陽","Shanxi Jingyang"
1222,3,"秣陵鎮","Moling Zhen","","江蘇南京","Jiangsu Nanjing"
1223,44,"嚴州","Yanzhou","","浙江建德","Zhejiang Jiande"
1224,44,"衢州","Quzhou","","浙江衢縣","Zhejiang Qu Xian"
1225,227,"陳州","Chenzhou","","河南淮陽","Henan Huaiyang"
1226,227,"湯陰","Tangyin","","河南湯陰","Henan Tangyin"
1227,148,"涪州","Fuzhou","","重慶涪陵","Chongqing Fuling"
1228,115,"固安","Gu'an","","河北固安","Hebei Gu'an"
1229,148,"劍州","Jianzhou","","四川劍閣","Sichuan Jiange"
1230,272,"延安","Yan'an","","陝西延安","Shanxi Yan'an"
1231,91,"臨淮鎮","Linhuai zhen","","",""
1232,557,"紹興路","Shaoxing lu","","浙江紹興","Zhejiang Shaoxing"
1233,546,"太原路","Taiyuan lu","","山西太原","Shanxi Taiyuan"
1234,557,"溧水州","Lishui zhou","","江蘇溧水","Jiangsu Lishui"
1235,558,"吉水州","Jishui zhou","","江西吉水","Jiangxi Jishui"
1236,548,"沈陽路","Shenyang lu","","遼寧沈陽","Liaoning Shenyang"
1237,574,"延安","Yan'an fu","","陝西延安","Shanxi Yan'an"
1238,591,"冀州","Jizhou","","河北冀州","Hebei Jizhou"
1239,624,"臨江","Linjiang","","重慶忠縣","Chongqing Zhong Xian"
1240,549,"廬州路","Luzhou lu","","安徽合肥","Anhui Hefei"
1241,522,"漢陰","Hanyin","","陝西漢陰","Shanxi Hanyin"
1242,668,"趙郡","Zhaojun","","河北趙縣","Hebei Zhao Xian"
1243,664,"上郡","Shangjun","","陝西富縣","Shanxi Fu Xian"
1244,526,"竟陵","Jingling","","湖北天門","Hubei Tianmen"
1245,668,"博陵郡","Boling jun","","河北定州","Hebei Dingzhou"
1246,685,"始平郡","Shiping jun","","陝西興平","Shanxi Xingping"
1247,690,"天水郡","Tianshui jun","","甘肅天水","Gansu Tianshui"
1248,672,"高涼郡","Gaoliang jun","","廣東陽江","Guangdong Yangjiang"
1249,1,"新會","Xinhui","","廣東新會","Guangdong Xinhui"
1250,532,"水西城(驛)","Shuixi cheng (yi)","","貴州黔西","Guizhou Qianxi"
1260,517,"荏平","Renping","","山東荏平","Shandong Renping"
1253,617,"巴陵","Baling","","湖南岳陽","Hunan Yueyang"
1254,680,"弘農","Hongnong","","河南靈寶","Henan Lingbao"
1255,272,"漢陰廳","Hanyin ting","","陝西漢陰","Shanxi Hanyin"
1256,3,"澄江","Chengjiang","","江蘇江陰","Jiangsu Chengjiang"
1257,1104,"梁化郡","Lianghua jun","","廣東惠東","Guangdong Huidong"
1258,20,"寧化","Ninghua","","福建寧化","Fujian Ninghua"
1259,44,"孝豐","Xiaofeng","","浙江安吉","Zhejiang Anji"
1261,754,"沛郡","Peijun","","安徽淮北","Anhui Huaibei"
1262,3,"海門","Haimen","","",""
1263,91,"廬江","Lujiang","","廬江","Lujiang"
1264,115,"清苑","Qingyuan","","河北保定","Hebei Baoding"
1265,1265,"北平","Beiping","","北京","Beijing"
1266,587,"同安","Tong'an","","廈門","Xiamen"
1267,483,"齊州","Qizhou","","濟南","Ji'nan"
1268,588,"潮州","Chaozhou","","潮州","Chaozhou"
1269,483,"洛陽","Luoyang","","洛陽","Luoyang"
1270,546,"秀容","Xiurong","","忻州","Xinzhou"
1271,611,"永嘉","Yongjia","","溫州","Wenzhou"
1272,585,"延平","Yanping","","南平","Nanping"
1273,610,"毗陵","Piling","","常州","Changzhou"
1274,584,"梓州","Zizhou","","三臺","Santai"
1275,492,"宣城","Xuancheng","","宣城","Xuancheng"
1276,675,"寶安","Baoan","","東莞","Dongguan"
1277,633,"河陰","Heyin","","孟津","Mengjin"
1278,633,"武城","Wucheng","","山東武城","Shandong Wucheng"
1279,826,"廣陵","Guangling","","江蘇揚州","JIangsu Yangzhou"
1280,521,"鄢陵","Yanling","","河南許昌","Henan Xuchang"
1281,517,"濟南","Ji'nan","","山東濟南","Shandong Ji'nan"
1282,1,"三水","Sanshui","","廣東三水","Guangdong Sanshui"
1283,516,"淮安","Huaian","","江蘇淮安","Jiangsu Huaian"
1284,527,"臨安","Lin'an","","浙江杭州","Zhejiang Hangzhou"
1285,522,"華陰","Huayin","","陝西華陰","Shaanxi Huayin"
1286,515,"武清","Wuqing","","天津武清","Tianjin Wuqing"
1287,516,"高郵","Gaoyou","","江蘇高郵","Jiangsu Gaoyou"
1288,525,"吉水","Jishui","","江西吉水","Jiangxi Jishui"
1289,515,"順天","Shuntian","","北京","Beijing"
1291,516,"吳縣","Wuxian","","江蘇吳縣","Jiangsu Wuxian"
1292,526,"麻城","Macheng","","湖北麻城","Hubei Macheng"
1293,528,"泰寧","Taining","","福建泰寧","Fujian Taining"
1294,526,"穀城","Gucheng","","湖北穀城","Hubei Gucheng"
1295,516,"歙縣","Shexian","","安徽歙縣","Anhui Shexian"
1296,516,"歙縣","She Xian","","安徽歙縣","Anhui She Xian"
1297,516,"崑山","Kunshan","","江蘇崑山","Jiangsu Kunshan"
1298,525,"奉新","Fengxin","","江西奉新","Jiangxi Fengxin"
1299,516,"松江","Songjiang","","上海松江","Shanghai Songjiang"
1300,517,"臨邑","Linyi","","山東臨邑","Shangdong Linyi"
1301,516,"宣城","Xuancheng","","安徽宣城","Anhui Xuancheng"
1302,519,"解州","Haizhou","","山西解州","Shanxi Haizhou"
1303,516,"嘉定","Jiading","","上海嘉定","Shanghai Jiading"
1304,516,"武進","Wujin","","江蘇常州","Jiangsu Changzhou"
1305,517,"新城","Xincheng","","山東桓台","Shandong Huantai"
1306,517,"長山","Changshan","","山東鄒平","Shandong Zouping"
1307,521,"鄧州","Dengzhou","","河南鄧州","Henan Dengzhou"
1308,527,"臨海","Linhai","","浙江臨海","Zhejiang Linhai"
1309,527,"紹興","Shaoxing","","浙江紹興","Zhejiang Shaoxing"
1310,522,"寧州","Ningzhou","","甘肅寧縣","Guansu Ningxian"
1311,527,"秀水","Xiushui","","浙江嘉興","Zhejiang Jiaxing"
1312,516,"丹徒","Dantu","","江蘇丹徒","Jiangsu Dantu"
1313,516,"廣陵","Guangling","","江蘇揚州","Jiangsu Yangzhou"
1314,516,"沈丘","Shenqiu","","安徽臨泉","Anhui Linquan"
1315,527,"定海","Dinghai","","浙江定海","Zhejiang Dinghai"
1316,521,"柘城","Zhecheng","","河南柘城","Henan Zhecheng"
1317,525,"泰和","Taihe","","江西泰和","Jiangxi Taihe"
1318,525,"廣信","Guangxin","","江西上饒","Jiangxi Shangrao"
1319,530,"宜山","Yishan","","廣西宜山","Guangxi Yishan"
1320,558,"金谿","Jinxi","","江西金溪","Jiangxi Jinxi"
1321,527,"浦江","Pujiang","","浙江浦江","Zhejiang Pujiang"
1322,519,"平陽","Pingyang","","山西臨汾","Shanxi Linfen"
1323,525,"新建","Xinjian","","江西新建","Jiangxi Xinjian"
1324,529,"廣州","Guangzhou","","廣東廣州","Guangdong Guangzhou"
1325,526,"江夏","Jiangxia","","湖北武漢","Hubei Wuhan"
1326,528,"侯官","Houguan","","福建閩侯","Fujian Minhou"
1327,529,"番禺","Panyu","","廣東番禺","Guangdong Panyu"
1328,529,"潮州","Chaozhou","","廣東潮州","Guangdong Chaozhou"
1329,528,"建安","Jian'an","","福建建甌","Fujian Jianou"
1330,527,"新安","Xin'an","","浙江淳安","Zhejiang Chun'an"
1331,517,"歷城","Licheng","","山東歷城","Shandong Licheng"
1332,526,"荊州","Jingzhou","","湖北荊州","Hubei Jingzhou"
1333,516,"鎮江","Zhenjiang","","江蘇鎮江","Jiangsu Zhenjiang"
1334,527,"昌化","Changhua","","浙江臨安","Zhejiang Lin'an"
1335,516,"太倉","Taicang","","江蘇太倉","Jiangsu Taicang"
1336,527,"歸安","Guian","","浙江湖州","Zhejiang Huzhou"
1337,516,"徽州","Huizhou","","安徽歙縣","Anhui She Xian"
1338,526,"黃岡","Guanggang","","湖北黃岡","Hubei Huanggang"
1339,517,"臨清","Linqing","","山東臨清","Shandong Linqing"
1340,516,"亳州","Bozhou","","安徽亳州","Anhui Bozhou"
1341,516,"靖江","Jingjiang","","江蘇靖江","Jiangsu Jingjiang"
1342,115,"開州","Kaizhou","","河南濮陽","Henan Puyang"
1343,135,"宜豐","Yifeng","","江西宜豐","Jiangxi Yifeng"
1344,135,"德安","Dean","","江西德安","Jiangxi Dean"
1345,172,"應山","Yingshan","","湖北廣水","Hubei Guangshui"
1346,529,"高明","Gaoming","","廣東佛山","Guangdong Foshan"
1347,529,"從化","Conghua","","廣東廣州","Guangdong Guangzhou"
1348,527,"象山","Xiangshan","","浙江寧波","Zhejiang Ningbo"
1349,524,"臨邛","Linqiong",""," 四川邛崍"," Sichuan Qionglai"
1350,1,"興甯","Xingning","","廣東興甯","Guangdong Xingning"
1351,1,"高要","Gaoyao","","廣東高要","Guangdong Gaoyao"
1352,1,"鶴山","Heshan","","廣東鶴山","Guangdong Heshan"
1353,1,"信宜","Xinyi","","廣東信宜","Guangdong Xinyi"
1354,227,"固始","Gushi","","河南固始","Henan Gushi"
1355,126,"道州","Dao zhou","","湖南道縣","Hunan Dao Xian"
1356,145,"合浦","Hepu","","廣西合浦","Guangxi Hepu"
1357,272,"渭南","Weinan","","陝西渭南","Shannxi Weinan"
1358,227,"光山","Guangshan","","河南光山","Henan Guangshan"
1359,579,"建昌軍南丰","Jianchang Jun Nanfeng","","江西南丰","Jiangxi Nanfeng"
1360,42,"德平","Deping","","山東德平","Shandong Deping"
1361,130,"晉陽","Jinyang","","山西太原","Shanxi Taiyuan"
1362,91,"銅陵","Tongling","","安徽銅陵","Anhui Tongling"
1363,3,"京口","Jingkou","","江蘇鎮江","Jiangsu Zhenjiang"
1364,3,"梁溪","Liangxi","","江蘇無錫","Jiangsu Wuxi"
1365,44,"開化","Kaihua","","浙江開化","Zhejiang Kaihua"
1366,172,"沔陽","Mianyang","","湖北桃仙","Hubei Taoxian"
1367,272,"華州","Huazhou","","陝西華縣","Shaanxi Huaxian"
1368,115,"大城","Dacheng","","河北大城","Hebei Dacheng"
1369,130,"臨汾","Linfen","","山西臨汾","Shanxi Linfen"
1370,143,"石阡","Shiqian","","貴州石阡","Guizhou Shiqian"
1371,3,"吳縣","Wuxian","","江蘇蘇州","Jiangsu Suzhou"
1372,1,"開平","Kaiping","","廣東開平","Guangdong Kaiping"
1373,91,"壽州","Shouzhou","","安徽壽縣","Anhui Shouxian"
1374,91,"泗州","Sizhou","","泗縣","Sixian"
1375,3,"沐陽","Muyang","","江蘇沐陽","Jiangsu Muyang"
1376,91,"鳳陽","Fengyang","","安徽鳳陽","Anhui Fengyang"
1377,44,"常山","Changshan","","浙江常山","Zhejiang Changshan"
1378,126,"湖南寧遠","Hunan Ningyuan","","湖南寧遠","Hunan Ningyuan"
1379,526,"茶陵","Chaling","","湖南茶陵","Hunan Chaling"
1380,126,"衡山","Hengshan","","湖南衡陽","Hunan Hengyang"
1381,44,"金華","Jinhua","","浙江金華","Zhejiang Jinhua"
1382,42,"樂陵","Laoling","","山東樂陵","Shandong Laoling"
1383,130,"山西徐溝","Shanxi Xugou","","山西清徐","Shanxi Qingxu"
1384,3,"江蘇桃源","Jiangsu Taoyuan","","江蘇泗陽","Jiangsu Siyang"
1385,42,"山東海豐","Shandong Haifeng","","山東無棣","Shandong Wudi"
1386,272,"潼關","Tongguan","","陕西潼關","Shanxi Tongguan"
1387,91,"廣德","Guangde","","安徽廣德","Anhui Guangde"
1388,126,"保靖","Baojing","","湖南保靖","Hunan Baojing"
1389,115,"良鄕","Liangxiang","","北京","Beijing"
1390,115,"滄洲","Cangzhou","","河北滄縣","Hebei Cangxian"
1391,91,"績溪","Jixi","","安徽績溪","Anhui Jixi"
1392,172,"松滋","Songzi","","湖北松滋","Hubei Songzi"
1393,172,"當陽","Dangyang","","湖北當陽","Hubei Dangyang"
1394,3,"雲間","Yunjian","","松江","Songjiang"
1395,135,"宜黃","Yihuang","","江西宜黃","Jiangxi Yihuang"
1396,126,"邵陽","Shaoyang","","湖南邵陽","Hunan Shaoyang"
1397,3,"海陵","Hailing","","江蘇海陵","Jiangsu Hailing"
1398,148,"江安","Jiang'an","","江安縣","Jiang'an xian"
1399,115,"寶坻","Baodi","","天津","Tianjin"
1400,42,"滕州","Tengzhou","","山東滕州","Shandong Tengzhou"
1401,272,"大荔","Dali","","陝西大荔","Shanxi Dali"
1402,115,"交河","Jiaohe","","河北泊頭","Hebei Botou"
1403,1,"儋州","Danzhou","","海南儋州","Hainan Danzhou"
1475,272,"富平","Fuping","","富平","富平"
1405,227,"項城","Xiangcheng","","河南項城","Henan Xiangcheng"
1406,135,"萬年","Wannian","","江西萬年","Jiangxi  Wannian"
1407,143,"遵義","Zunyi","","貴州遵義","Guizhou Zunyi"
1408,148,"中江","Zhongjiang","","四川中江","Sichuan Zhongjiang"
1409,115,"武強","Wuqiang","","河北武強","Hebei Wuqiang"
1410,135,"永修","Yongxiu","","江西永修","Jiangxi Yongxiu"
1411,115,"承德","Chengde","","河北承德","Hebei Chengde"
1412,148,"榮縣","Rongxian","","四川榮縣","Sichuan Rongxian"
1413,115,"新城","Xincheng","","河北新城","Hebei Xincheng"
1414,148,"隆昌","Longchang","","四川隆昌","Sichuan Longchang"
1415,42,"臨沂","Linyi","","山東臨沂","Shandong Linyi"
1416,227,"武陟","Wuzhi","","河南武陟","Henan Wuzhi"
1417,130,"樂平","Leping","","樂平鎮","Leping zhen"
1418,227,"封邱","Fengqiu","","河南封邱","Henan Fengqiu"
1419,3,"泰縣","Tai Xian","","江蘇泰州","Jiangsu Taizhou"
1420,172,"武昌","Wuchang","","湖北武漢","Hubei Wuhan"
1421,135,"豐城","Fengcheng","","江西豐城","Jiangxi Fengcheng"
1422,115,"三河","Sanhe","","河北廊坊","Hebei Langfang"
1423,130,"太谷","Taigu","","山西晉中","Shanxi Jinzhong"
1424,42,"巨野","Juye","","山東巨野","Shandong Juye"
1425,44,"西泠","Xiling","","浙江杭州","Zhejiang Hangzhou"
1426,42,"陵縣","Ling xian","","山東德州市陵城區","Shandong Dezhou shi Lingcheng qu"
1427,172,"監利","Jianli","","湖北監利","Hubei Jianli"
1428,42,"恩縣","Enxian","","山东平原","Shandong Pingyuan"
1429,148,"羅江縣","","","四川羅江縣","Sichuan Luojiang Xian"
1430,1,"欽州","Qinzhou","","廣西欽州市","Guangxi Qinzhou Shi"
1431,42,"黃縣","Huangxian","","山東龍口","Shandong Longkou"
1432,42,"文登","Wendeng","","山东威海","Shandong Weihai"
1433,1,"江城","Jiangcheng","","廣東陽江","Guangdong Yangjiang"
1434,143,"金筑","Jinzhu","","貴陽","Guiyang"
1435,135,"清江","Qingjiang","","江西樟樹","Jiangxi Zhangshu"
1436,172,"黄梅","Huangmei","","湖北黄梅","Hubei Huangmei"
1437,135,"鉛山","Yanshan","","江西鉛山","Jiangxi Yanshan"
1438,172,"鄂城","Echeng","","湖北大冶","Hubei Daye"
1439,115,"故城","Gucheng","","河北衡水","Hebei Hengshui"
1440,135,"弋陽","Yiyang","","江西上饒","Jiangxi Shangrao"
1441,42,"成武","Chengwu","","山東菏澤","Shandong Heze"
1442,126,"新寧","Xinning","","湖南新寧","Hunan Xinning"
1443,126,"郴州","Chenzhou","","湖南郴州","Hunan Chenzhou"
1444,148,"宜賓","Yibin","","四川宜賓","Sichuan Yibin"
1445,227,"濬縣","Junxian","","河南濬縣","Henan Junxian"
1446,91,"歙縣","Shexian","","安徽歙縣","Anhui Shexian"
1447,143,"修文","Xiuwen","","貴州修文","Guizhou Xiuwen"
1448,143,"貴陽","Guiyang","","貴州貴陽","Guizhou Guiyang"
1449,20,"永定","Yongding","","福建龍巖","Fujian Longyan"
1450,143,"畢節","Bijie","","貴州畢節","Guizhou Bijie"
1451,278,"涇川","Jingchuan","","甘肅涇川","Gansu Jingchuan"
1452,3,"京江","Jingjiang","","江蘇鎮江","Jiangsu Zhenjiang"
1453,42,"掖縣","Yexian ","","山東萊州","Shandong Laizhou"
1454,91,"歷陽","Liyang","","安徽和縣","Anhui Hexian"
1455,126,"寶慶府","Baoqing fu ","","湖南邵陽巿","Hunan Shaoyang"
1456,135,"瀲江","Lianjiang","","江西興國","Jiangxi Xingguo "
1457,172,"興國州","Xingguo zhou","","湖北陽新","Hubei Yangxin"
1458,44,"玉環","Yuhuan","","浙江玉環","Zhejiang Yuhuan"
1459,143,"貴定","Guiding","","貴州貴定","Guizhou Guiding"
1460,526,"興國軍","Xingguo jun","","湖北陽新","Hubei Yangxin"
1461,135,"玉山","Yushan","","江西玉山","Jiangxi Yushan"
1462,42,"金鄉","Jinxiang","","山東金鄉","Shandong Jinxiang"
1463,115,"蠡縣","Lixian","","河北蠡縣","Hebei Lixian"
1464,20,"上杭","Shanghang","","福建上杭","Fujian Shanghang"
1465,91,"六安","Lu'an","","六安","Lu'an"
1466,126,"桂陽","Guiyang","","湖南桂陽","Hunan Guiyang"
1467,91,"巢縣","Chaoxian","","安徽巢湖","Anhui Chaohu"
1468,44,"杭縣","Hangxian","","浙江杭州","Zhejiang Hangzhou"
1469,42,"萊山","Laishan","","煙台萊山","Yantai Laishan"
1470,130,"壽陽","Shouyang","","山西壽陽","Shanxi Shouyang"
1471,130,"盂縣","Yu Xian","","山西盂縣","Shanxi Yuxian"
1472,182,"石屏","Shiping","","雲南石屏","Yunnan Shiping"
1473,42,"濰縣","Wei xian ","","山東濰坊","Shandong Weifang"
1474,145,"象州","Xiangzhou","","廣西象州","Guangxi Xiangzhou"
1476,126,"武岡","Wugang","","湖南武岡","Hunan Wugang"
1477,91,"盱眙","Xuyi","","江蘇盱眙","Jiangsu Xuyi"
1478,148,"達縣","Daxian","","四川達州","Sichuan Dazhou"
1479,227,"滎陽","Yingyang","","河南滎陽","Henan Yingyang"
1480,115,"祁州","Qizhou","","河北安國","Hebei Anguo"
1481,148,"巴縣","Baxian","","四川巴縣","Sichua Baxian"
1482,130,"永濟","Yongji","","山西永濟","Shanxi Yongji"
1483,115,"淶水","Laishui","","河北保定","Hebei Baoding"
1484,91,"宿松","Susong","","安徽宿松","Anhui Susong"
1485,148,"新津","Xinjin","","四川成都","Sichuan Chengdu"
1486,148,"南充","Nanchong","","四川南充","Sichuan Nanchong"
1487,148,"洪雅","Hongya","","四川洪雅","Sichuan Hongya"
1488,172,"恩施","Enshi","","湖北恩施","Hubei Enshi"
1489,126,"臨湘","Linxiang","","湖南臨湘","Hunan Linxiang"
1490,148,"榮昌","Rongchang","","重慶榮昌","Chongqing Rongchang"
1491,148,"銅梁","Tongliang","","重慶銅梁","Chongqing Tongliang"
1492,521,"永城","Yongcheng","","河南永城","Henan Yongcheng"
1493,515,"大興 ","Daxing","","北京大興 ","Beijing Daxing"
1494,528,"閔中","Minzhong","","福建","Fujiang"
1495,3,"沭陽","Shuyang","","江蘇沭陽","Jiangsu Shuyang"
1496,1,"澄海","Chenghai","","廣東汕頭","Guangdong Shantou"
1497,20,"金門","Jinmen","","台灣金門","Taiwan Jinmen"
1498,1,"徐聞","Xuwen","","廣東湛江","Guangdong Zhanjiang"
1499,1500,"遵化","Zunhua","","河北遵化","Hebei Zunhua"
1500,0,"河北(清)","Hebei","","河北省","Hebei Sheng"
1501,1,"靈山","Lingshan","","廣西靈山","Guangxi Lingshan"
1502,145,"橫州","Hengzhou","","廣西橫州","Guangxi Hengzhou"
1503,145,"鬱林","Yulin","","廣西玉林","Guangxi Yulin"
1504,1,"興寧","Xingning","","廣東興寧","Guangdong Xingning"
1505,1500,"正定","Zhengding","","河北正定","Hebei Zhengding"
1506,148,"廣安","Guangan","","四川廣安","Sichuan Guangan"
1507,172,"天門","Tianmen","","湖北天門","湖北天門"
1508,126,"鳳凰","Fenghuang","","湖南鳳凰","Hunan Fenghuang"
1509,148,"秀山","Xiushan","","重慶秀山","Chongqing Xiushan"
